Tipo di documento;Nr. documento;Codice TD;Data Registrazione Documento;Nr. cliente/fornitore;Nome cliente;Tipo Fattura;Nome File Doc. Elettronico;Data ora Invio/Ricezione;Stato;Errore Stato;Cod. Destinatario;PEC Presente;Partita IVA Presente;Cod. Fiscale Presente;ID documento;Id SDI;Cod.Contratto/Acquisto/Convenz.;Nr. Riferimento;Codice CIG;Codice CUP;Data Riferimento;Nr. Linea Doc. Rifer.;Cod. univoco ufficio;Bollo Virtuale Applicato;Importo Bollo Virtuale;Cdc Codice;Cod. colleg. dimen. 2;Note 1;Note 2
Fattura;FVI25-00153;TD01;30/06/2025;C00079;BONADIE TOMMASO;FE - B2C;IT10282211001_A0517.xml;30/06/25 18:59:40;Validazione effettuata con errori;;;VERO;FALSO;VERO;a7bb674a-b7be-413c-8d14-fae7907baec9;;;;;;;;;VERO;2,00;;;;
Fattura;FVI25-00152;TD01;30/06/2025;C00078;COLLACCHI LUIGI;FE - B2C;IT10282211001_A0516.xml;30/06/25 18:45:54;Validazione effettuata correttamente;;0000000;VERO;FALSO;VERO;f9db7e06-ea90-49e9-9741-b9043e52b889;;;;;;;;;VERO;2,00;;;;
Fattura;FVI25-00151;TD01;30/06/2025;C00077;GIORDANO NICOLA;FE - B2C;IT10282211001_A0515.xml;30/06/25 18:39:36;Validazione effettuata correttamente;;0000000;VERO;FALSO;VERO;dde6ba91-bafe-41d1-a762-2ba010419811;;;;;;;;;VERO;2,00;;;;
Fattura;FVI25-00150;TD01;30/06/2025;C00076;MICCOLI LEONARDANTONIO;FE - B2C;IT10282211001_A0514.xml;30/06/25 18:36:16;Validazione effettuata correttamente;;0000000;VERO;FALSO;VERO;434e8e2e-646b-4094-b4a1-9ec9f7d04e66;;;;;;;;;VERO;2,00;;;;
Fattura;FVI25-00149;TD01;30/06/2025;C00074;PALMIERI FEDERICO;FE - B2C;IT10282211001_A0513.xml;30/06/25 17:38:10;Validazione effettuata correttamente;;0000000;VERO;FALSO;VERO;6e6c73fc-18dc-4dfa-854e-aa38a60d5a9d;;;;;;;;;VERO;2,00;;;;
Fattura;FVI25-00148;TD01;30/06/2025;C00073;SCAPPATICCI ANDREA;FE - B2C;IT10282211001_A0512.xml;30/06/25 17:18:30;Validazione effettuata correttamente;;0000000;FALSO;FALSO;VERO;93ddbccb-d6a1-411a-be55-5b5405ebcf16;;;;;;;;;VERO;2,00;;;;
Fattura;FVI25-00147;TD01;30/06/2025;C00072;SILVESTRE PASQUALE;FE - B2C;IT10282211001_A0511.xml;30/06/25 17:02:39;Validazione effettuata correttamente;;0000000;VERO;FALSO;VERO;680cb846-d224-4953-9aec-1fe7bda3ddce;;;;;;;;;VERO;2,00;;;;
Fattura;FVI25-00146;TD01;30/06/2025;C00071;TODARO MATTIA;FE - B2C;IT10282211001_A0510.xml;30/06/25 16:38:34;Validazione effettuata correttamente;;0000000;VERO;FALSO;VERO;37c454c0-7c1e-44f7-820b-f0888f54c262;;;;;;;;;VERO;2,00;;;;
Fattura;FVI25-00145;TD01;30/06/2025;C00070;CATELLO VILLANI;FE - B2C;IT10282211001_A0509.xml;30/06/25 16:06:45;Validazione effettuata correttamente;;0000000;VERO;FALSO;VERO;b581523f-916e-41ea-83bc-906ef4af9eb4;;;;;;;;;VERO;2,00;;;;
Fattura;FVI25-00144;TD01;26/06/2025;C00069;CILLI ALESSANDRO IGNAZIO;FE - B2C;IT10282211001_A0508.xml;26/06/25 19:38:17;Validazione effettuata correttamente;;0000000;VERO;FALSO;VERO;630ee4c5-92a0-45fb-8855-76ac6ece432b;;;;;;;;;VERO;2,00;;;;
Fattura;FVI25-00143;TD01;23/06/2025;C00001;IBL Banca S.P.A.;FE - B2B;IT10282211001_A0507.xml;23/06/25 18:42:31;Validazione effettuata correttamente;;75HCYT1;FALSO;VERO;VERO;a1ab441d-661a-465d-82b0-9fbf1b242811;;;;;;;;;VERO;2,00;;;;
Fattura;FVI25-00142;TD01;18/06/2025;C00001;IBL Banca S.P.A.;FE - B2B;IT10282211001_A0506.xml;18/06/25 17:38:26;Validazione effettuata correttamente;;75HCYT1;FALSO;VERO;VERO;9541cc60-2fac-4b64-9cdc-6c34cc7d94e9;;;;;;;;;VERO;2,00;;;;
Fattura;FVI25-00141;TD01;11/06/2025;C00019;Agos Ducato S.p.A.;FE - B2B;IT10282211001_A0505.xml;11/06/25 17:43:56;Validazione effettuata correttamente;;2OH2JHA;FALSO;VERO;VERO;37dbd9b2-488f-46a1-83ff-75a606845da6;;;;;;;;;VERO;2,00;;;;
Fattura;FVI25-00140;TD01;09/06/2025;C00004;Banca di Sconto S.p.A.;FE - B2B;IT10282211001_A0504.xml;09/06/25 19:57:12;Validazione effettuata correttamente;;75HCYT1;FALSO;VERO;VERO;0d57f5e7-130f-4250-bc44-89fde26d4dbe;;;;;;;;;VERO;2,00;;;;
Fattura;FVI25-00139;TD01;09/06/2025;C00001;IBL Banca S.P.A.;FE - B2B;IT10282211001_A0503.xml;09/06/25 15:57:50;Validazione effettuata correttamente;Campi mancanti: Cod. Destinatario/PEC;75HCYT1;FALSO;VERO;VERO;997088a4-9576-4fab-9c41-e9896569192f;;;;;;;;;VERO;2,00;;;;
Fattura;FVI25-00138;TD01;09/06/2025;C00027;Fucino Finance S.P.A.;FE - B2B;IT10282211001_A0502.xml;09/06/25 15:18:08;Validazione effettuata correttamente;;75HCYT1;FALSO;VERO;FALSO;d78d1d3b-3f0e-4d8f-ad63-9f5ee1930a13;;;;;;;;;VERO;2,00;;;;
Nota credito;FVI25-00136;TD04;05/06/2025;C00020;COMPASS Banca S.p.A.;FE - B2B;IT10282211001_A0500.xml;05/06/25 20:23:28;Validazione effettuata correttamente;;A4707H7;VERO;VERO;VERO;a2017c4a-bb27-46bb-be02-3d2ce50a940a;;;;;;;;;VERO;2,00;;;;
Nota credito;FVI25-00134;TD04;05/06/2025;C00035;Mediobanca  Premier Spa;FE - B2B;IT10282211001_A0498.xml;05/06/25 13:22:44;Validazione effettuata correttamente;;A4707H7;FALSO;VERO;VERO;aab5c7a1-76ee-48db-bfa3-384870ebb6c1;;;;;;;;;VERO;2,00;;;;
Fattura;FVI25-00137;TD01;05/06/2025;C00020;COMPASS Banca S.p.A.;FE - B2B;IT10282211001_A0501.xml;05/06/25 20:37:18;Validazione effettuata correttamente;;A4707H7;VERO;VERO;VERO;8489bddd-114e-4f33-99b3-eff219f83f14;;;;;;;;;VERO;2,00;;;;
Fattura;FVI25-00135;TD01;05/06/2025;C00035;Mediobanca  Premier Spa;FE - B2B;IT10282211001_A0499.xml;05/06/25 13:44:15;Validazione effettuata correttamente;;A4707H7;FALSO;VERO;VERO;03c7bd0c-cd0c-4059-814a-e9bf9ba2d90f;;;;;;;;;VERO;2,00;;;;
Fattura;FVI25-00133;TD01;05/06/2025;C00027;Fucino Finance S.P.A.;FE - B2B;IT10282211001_A0497.xml;05/06/25 13:13:50;Validazione effettuata correttamente;;75HCYT1;FALSO;VERO;FALSO;60f135d7-d551-48d8-8823-d165def2f026;;;;;;;;;VERO;2,00;;;;
Fattura;FVI25-00132;TD01;05/06/2025;C00035;Mediobanca  Premier Spa;FE - B2B;IT10282211001_A0496.xml;05/06/25 12:00:27;Validazione effettuata correttamente;;A4707H7;FALSO;VERO;VERO;d3de1b04-e1c5-4702-a575-aee12a3b1759;;;;;;;;;VERO;2,00;;;;
Fattura;FVI25-00131;TD01;04/06/2025;C00068;MARCHE ANNA MARIA;FE - B2C;IT10282211001_A0495.xml;04/06/25 12:18:26;Validazione effettuata correttamente;;0000000;FALSO;FALSO;VERO;7c8d015d-213d-4176-a58a-7ce5fc506287;;;;;;;;;VERO;2,00;;;;
Fattura;FVI25-00130;TD01;04/06/2025;C00067;GUGLIELMI DEBORAH;FE - B2C;IT10282211001_A0494.xml;04/06/25 12:04:00;Validazione effettuata correttamente;;0000000;FALSO;FALSO;VERO;310d0fc1-119d-48b7-a64b-f1e6dfee7788;;;;;;;;;VERO;2,00;;;;
Fattura;FVI25-00129;TD01;04/06/2025;C00066;FUMAGALLI STEFANIA;FE - B2C;IT10282211001_A0493.xml;04/06/25 11:45:58;Validazione effettuata correttamente;;0000000;FALSO;FALSO;VERO;fd9cf378-0227-4644-8af2-4fcd963a436e;;;;;;;;;VERO;2,00;;;;
Fattura;FVI25-00128;TD01;04/06/2025;C00065;CAVENATI CRISTINA;FE - B2C;IT10282211001_A0492.xml;04/06/25 10:47:10;Validazione effettuata correttamente;;0000000;VERO;FALSO;VERO;ca8adcb2-7162-405a-9ec3-0500987ed33f;;;;;;;;;VERO;2,00;;;;
Fattura;FVI25-00127;TD01;03/06/2025;C00018;BNT BANCA S.p.A.;FE - B2B;IT10282211001_A0491.xml;03/06/25 19:58:53;Validazione effettuata correttamente;;SUBM70N;VERO;VERO;VERO;dcba46a1-c692-4b63-bd94-353e59bc1bca;;;;;;;;;VERO;2,00;;;;
Fattura;FVI25-00126;TD01;03/06/2025;C00004;Banca di Sconto S.p.A.;FE - B2B;IT10282211001_A0490.xml;03/06/25 19:48:12;Validazione effettuata correttamente;;75HCYT1;FALSO;VERO;VERO;3d5ab34b-da8d-44af-ac05-104fe6092b8b;;;;;;;;;VERO;2,00;;;;
Fattura;FVI25-00125;TD01;03/06/2025;C00001;IBL Banca S.P.A.;FE - B2B;IT10282211001_A0489.xml;03/06/25 19:40:10;Validazione effettuata correttamente;;75HCYT1;FALSO;VERO;VERO;1d29d73c-55e0-4438-8649-a1dbd2d879bb;;;;;;;;;VERO;2,00;;;;
Fattura;FVI25-00124;TD01;29/05/2025;C00064;GARGARONE CHIARA;FE - B2C;IT10282211001_A0488.xml;29/05/25 15:28:03;Validazione effettuata correttamente;;0000000;FALSO;FALSO;VERO;7fd2298d-b92f-4fc2-913d-ad7d2476c8c1;;;;;;;;;VERO;2,00;;;;
Fattura;FVI25-00123;TD01;29/05/2025;C00063;RUSSO AGATINO;FE - B2C;IT10282211001_A0487.xml;29/05/25 15:21:13;Validazione effettuata correttamente;;0000000;FALSO;FALSO;VERO;608128ff-4e22-47a1-9883-4ce2c1b79206;;;;;;;;;VERO;2,00;;;;
Fattura;FVI25-00122;TD01;29/05/2025;C00062;BIGLIENI MATTIA;FE - B2C;IT10282211001_A0486.xml;29/05/25 15:17:59;Validazione effettuata correttamente;;0000000;FALSO;FALSO;VERO;62abc6bf-fbaa-49da-bfee-aace33ca8cea;;;;;;;;;VERO;2,00;;;;
Fattura;FVI25-00121;TD01;29/05/2025;C00061;ALLEGRETTI  MICHELE;FE - B2C;IT10282211001_A0485.xml;29/05/25 16:00:26;Validazione effettuata correttamente;;0000000;FALSO;FALSO;VERO;4f4bbfd2-db26-4a4b-8c8b-aa6687457e8d;;;;;;;;;VERO;2,00;;;;
Fattura;FVI25-00120;TD01;26/05/2025;C00001;IBL Banca S.P.A.;FE - B2B;IT10282211001_A0484.xml;26/05/25 18:28:07;Validazione effettuata correttamente;;75HCYT1;FALSO;VERO;VERO;533a2bca-c914-493c-a12c-256b9565b0fe;;;;;;;;;VERO;2,00;;;;
Nota credito;FVI25-00119;TD04;22/05/2025;C00018;BNT BANCA S.p.A.;FE - B2B;IT10282211001_A0483.xml;22/05/25 15:26:52;Validazione effettuata correttamente;;SUBM70N;VERO;VERO;VERO;1e1f4015-2acd-443a-9406-7a8d7b90b614;;;;;;;;;VERO;2,00;;;;
Fattura;FVI25-00118;TD01;22/05/2025;C00018;BNT BANCA S.p.A.;FE - B2B;IT10282211001_A0482.xml;22/05/25 15:08:56;Validazione effettuata correttamente;;SUBM70N;VERO;VERO;VERO;184245a5-e2fe-47a9-bb4e-977a3c697060;;;;;;;;;VERO;2,00;;;;
Fattura;FVI25-00117;TD01;22/05/2025;C00001;IBL Banca S.P.A.;FE - B2B;IT10282211001_A0481.xml;22/05/25 13:44:12;Validazione effettuata correttamente;;75HCYT1;FALSO;VERO;VERO;e58df51f-953c-40d2-aa8d-d08e85ac5c89;;;;;;;;;VERO;2,00;;;;
Fattura;FVI25-00116;TD01;21/05/2025;C00035;Mediobanca  Premier Spa;FE - B2B;IT10282211001_A0480.xml;21/05/25 19:32:36;Validazione effettuata correttamente;;A4707H7;FALSO;VERO;VERO;83b442e1-6329-43d1-9b74-b8a5de2fb9f7;;;;;;;;;VERO;2,00;;;;
Fattura;FVI25-00115;TD01;21/05/2025;C00018;BNT BANCA S.p.A.;FE - B2B;IT10282211001_A0479.xml;21/05/25 19:03:41;Validazione effettuata correttamente;Campi mancanti: Cod. Destinatario/PEC;SUBM70N;VERO;VERO;VERO;947329ae-3035-4c18-a536-f898ce0efcc7;;;;;;;;;VERO;2,00;;;;
Fattura;FVI25-00114;TD01;20/05/2025;C00019;Agos Ducato S.p.A.;FE - B2B;IT10282211001_A0478.xml;20/05/25 20:00:19;Validazione effettuata correttamente;;2OH2JHA;FALSO;VERO;VERO;c9bb52e6-2616-4803-9fda-640a996b6cb7;;;;;;;;;VERO;2,00;;;;
Fattura;FVI25-00113;TD01;19/05/2025;C00001;IBL Banca S.P.A.;FE - B2B;IT10282211001_A0477.xml;19/05/25 18:55:06;Validazione effettuata correttamente;;75HCYT1;FALSO;VERO;VERO;fd50ea9b-2847-434d-939e-dc5205652a70;;;;;;;;;VERO;2,00;;;;
Fattura;FVI25-00112;TD01;19/05/2025;C00004;Banca di Sconto S.p.A.;FE - B2B;IT10282211001_A0476.xml;19/05/25 15:51:09;Validazione effettuata correttamente;;75HCYT1;FALSO;VERO;VERO;53405de7-e863-47a8-a4d1-84377077dd2f;;;;;;;;;VERO;2,00;;;;
Nota credito;FVI25-00110;TD04;13/05/2025;C00018;BNT BANCA S.p.A.;FE - B2B;IT10282211001_A0474.xml;13/05/25 13:53:11;Validazione effettuata correttamente;;SUBM70N;VERO;VERO;VERO;9a3d6f56-4645-4d8d-9b61-f3b6ac6abfea;;;;;;;;;VERO;2,00;;;;
Fattura;FVI25-00111;TD01;13/05/2025;C00018;BNT BANCA S.p.A.;FE - B2B;IT10282211001_A0475.xml;13/05/25 14:11:02;Validazione effettuata correttamente;;SUBM70N;VERO;VERO;VERO;c8351a09-d7b1-4cc9-8591-13a25bd39591;;;;;;;;;VERO;2,00;;;;
Fattura;FVI25-00109;TD01;12/05/2025;C00001;IBL Banca S.P.A.;FE - B2B;IT10282211001_A0473.xml;12/05/25 17:56:46;Validazione effettuata correttamente;;75HCYT1;FALSO;VERO;VERO;8418110d-d5d3-4157-aa1f-2a1631d18976;;;;;;;;;VERO;2,00;;;;
Fattura;FVI25-00108;TD01;12/05/2025;C00004;Banca di Sconto S.p.A.;FE - B2B;IT10282211001_A0472.xml;12/05/25 17:45:39;Validazione effettuata correttamente;;75HCYT1;FALSO;VERO;VERO;20f197ff-fd8a-4781-8875-83dbf37f0efe;;;;;;;;;VERO;2,00;;;;
Fattura;FVI25-00107;TD01;12/05/2025;C00021;Iside Broker Insurance S.R.L.;FE - B2B;IT10282211001_A0471.xml;12/05/25 16:59:51;Validazione effettuata correttamente;;SZLUBAI;FALSO;VERO;VERO;3919bbd2-f894-4a74-a26f-79fb67f21b19;;;;;;;;;VERO;2,00;;;;
Fattura;FVI25-00106;TD01;12/05/2025;C00031;YOUNITED;FE - B2B;IT10282211001_A0470.xml;12/05/25 16:59:41;Validazione effettuata correttamente;;M5UXCR1;FALSO;VERO;VERO;04be81be-2b2c-40b7-9ff2-334abc32a0da;;;;;;;;;VERO;2,00;;;;
Fattura;FVI25-00105;TD01;08/05/2025;C00001;IBL Banca S.P.A.;FE - B2B;IT10282211001_A0469.xml;08/05/25 19:48:44;Validazione effettuata correttamente;;75HCYT1;FALSO;VERO;VERO;81eea4e6-c926-402f-9244-e17d9b1e56b5;;;;;;;;;VERO;2,00;;;;
Fattura;FVI25-00104;TD01;08/05/2025;C00001;IBL Banca S.P.A.;FE - B2B;IT10282211001_A0468.xml;08/05/25 13:50:15;Validazione effettuata correttamente;;75HCYT1;FALSO;VERO;VERO;88baf77e-0c74-476f-b15a-41822f972407;;;;;;;;;VERO;2,00;;;;
Fattura;FVI25-00103;TD01;06/05/2025;C00019;Agos Ducato S.p.A.;FE - B2B;IT10282211001_A0467.xml;06/05/25 13:37:28;Validazione effettuata correttamente;;2OH2JHA;FALSO;VERO;VERO;696ceed4-899b-4f2d-b96d-d8889b0e978f;;;;;;;;;VERO;2,00;;;;
Fattura;FVI25-00102;TD01;06/05/2025;C00001;IBL Banca S.P.A.;FE - B2B;IT10282211001_A0466.xml;06/05/25 13:32:32;Validazione effettuata correttamente;;75HCYT1;FALSO;VERO;VERO;ef37d4f6-2fa9-4c45-9740-eb44812a617c;;;;;;;;;VERO;2,00;;;;
Fattura;FVI25-00101;TD01;06/05/2025;C00027;Fucino Finance S.P.A.;FE - B2B;IT10282211001_A0465.xml;06/05/25 15:36:16;Validazione effettuata correttamente;;75HCYT1;FALSO;VERO;FALSO;6618ac88-34c8-40a2-8488-fc0bb83be9b5;;;;;;;;;VERO;2,00;;;;
Nota credito;FVI25-00100;TD04;05/05/2025;C00027;Fucino Finance S.P.A.;FE - B2B;IT10282211001_A0460.xml;06/05/25 10:26:11;Validazione effettuata correttamente;;75HCYT1;FALSO;VERO;FALSO;8c8e4811-7214-4f73-9ba3-0666d7738ba9;;;;;;;;;VERO;2,00;;;;
Fattura;FVI25-00099;TD01;05/05/2025;C00027;Fucino Finance S.P.A.;FE - B2B;IT10282211001_A0459.xml;05/05/25 17:18:07;Validazione effettuata correttamente;;75HCYT1;FALSO;VERO;FALSO;ae2d1212-777c-4247-8c09-0bdadb3a4902;;;;;;;;;VERO;2,00;;;;
Fattura;FVI25-00098;TD01;02/05/2025;C00004;Banca di Sconto S.p.A.;FE - B2B;IT10282211001_A0458.xml;02/05/25 20:58:27;Validazione effettuata correttamente;;75HCYT1;FALSO;VERO;VERO;a44f6cb2-31ee-46a3-b5a0-42ff28fed32b;;;;;;;;;VERO;2,00;;;;
Fattura;FVI25-00097;TD01;02/05/2025;C00004;Banca di Sconto S.p.A.;FE - B2B;IT10282211001_A0457.xml;02/05/25 20:31:23;Validazione effettuata correttamente;;75HCYT1;FALSO;VERO;VERO;e578ce8e-2248-4a71-9c37-ea55caced3d4;;;;;;;;;VERO;2,00;;;;
Fattura;FVI25-00096;TD01;02/05/2025;C00001;IBL Banca S.P.A.;FE - B2B;IT10282211001_A0456.xml;02/05/25 20:09:45;Validazione effettuata correttamente;;75HCYT1;FALSO;VERO;VERO;2a4f8bca-a5e2-41a3-a73e-534e46a9dcf4;;;;;;;;;VERO;2,00;;;;
Fattura;FVI25-00095;TD01;30/04/2025;C00001;IBL Banca S.P.A.;FE - B2B;IT10282211001_A0455.xml;30/04/25 20:45:09;Validazione effettuata correttamente;;75HCYT1;FALSO;VERO;VERO;96c2ff47-d248-48b3-b4d3-a48122950ed3;;;;;;;;;VERO;2,00;;;;
Fattura;FVI25-00094;TD01;24/04/2025;C00024;Banca Nazionale del Lavoro S.p.A.;FE - B2B;IT10282211001_A0454.xml;30/04/25 20:43:49;Validazione effettuata correttamente;;Y57L5RI;FALSO;VERO;VERO;e6309dd2-49e7-4397-8edd-0f1be9e8dc39;;;;;;;;;VERO;2,00;;;;
Fattura;FVI25-00093;TD01;24/04/2025;C00004;Banca di Sconto S.p.A.;FE - B2B;IT10282211001_A0453.xml;24/04/25 12:32:04;Validazione effettuata correttamente;;75HCYT1;FALSO;VERO;VERO;dba8ea8c-91b7-420f-b619-d0b8d5a49c6b;;;;;;;;;VERO;2,00;;;;
Fattura;FVI25-00092;TD01;24/04/2025;C00001;IBL Banca S.P.A.;FE - B2B;IT10282211001_A0452.xml;24/04/25 12:20:08;Validazione effettuata correttamente;;75HCYT1;FALSO;VERO;VERO;e6fcef9a-e925-4ace-b715-da0e74fd12bb;;;;;;;;;VERO;2,00;;;;
Fattura;FVI25-00091;TD01;23/04/2025;C00021;Iside Broker Insurance S.R.L.;FE - B2B;IT10282211001_A0451.xml;23/04/25 20:09:33;Validazione effettuata correttamente;;SZLUBAI;FALSO;VERO;VERO;b6b08bfc-9d34-4d24-bd62-5ffa8c12ccab;;;;;;;;;VERO;2,00;;;;
Fattura;FVI25-00090;TD01;17/04/2025;C00059;LAPENNA VINCENZO;FE - B2C;IT10282211001_A0450.xml;17/04/25 19:54:17;Validazione effettuata correttamente;;0000000;FALSO;FALSO;VERO;24d4dfa1-4c46-4018-b3e5-c24552f1e2e8;;;;;;;;;VERO;2,00;;;;
Fattura;FVI25-00089;TD01;17/04/2025;C00058;LEONETTI ANTONIO ;FE - B2C;IT10282211001_A0449.xml;17/04/25 19:41:39;Validazione effettuata correttamente;;0000000;FALSO;FALSO;VERO;23640993-a5ca-4739-8d32-b86ace12feab;;;;;;;;;VERO;2,00;;;;
Fattura;FVI25-00088;TD01;17/04/2025;C00057; ACQUAVIVA STEFANO;FE - B2C;IT10282211001_A0448.xml;17/04/25 19:27:44;Validazione effettuata correttamente;;0000000;FALSO;FALSO;VERO;ed2971ba-8753-466c-9045-5eb05b0e47b1;;;;;;;;;VERO;2,00;;;;
Fattura;FVI25-00087;TD01;17/04/2025;C00004;Banca di Sconto S.p.A.;FE - B2B;IT10282211001_A0447.xml;17/04/25 18:07:55;Validazione effettuata correttamente;;75HCYT1;FALSO;VERO;VERO;fd28a862-f539-4f5b-99d7-02587a3d1f1e;;;;;;;;;VERO;2,00;;;;
Fattura;FVI25-00086;TD01;17/04/2025;C00001;IBL Banca S.P.A.;FE - B2B;IT10282211001_A0446.xml;17/04/25 17:34:13;Validazione effettuata correttamente;;75HCYT1;FALSO;VERO;VERO;2d77a758-eb83-45d1-b58f-774806474716;;;;;;;;;VERO;2,00;;;;
Nota credito;FVI25-00083;TD04;16/04/2025;C00046;ASSICURA POINT BROKER SRL;FE - B2B;IT10282211001_A0443.xml;16/04/25 15:24:20;Validazione effettuata correttamente;;TRS3OH9;VERO;VERO;FALSO;5f50e1fe-fcbb-499a-885d-a39152f2c7b5;;;;;;;;;VERO;2,00;;;;
Fattura;FVI25-00085;TD01;16/04/2025;C00018;BNT BANCA S.p.A.;FE - B2B;IT10282211001_A0445.xml;16/04/25 18:26:32;Validazione effettuata correttamente;;SUBM70N;VERO;VERO;VERO;9c11aca9-d78e-42fc-8f5d-69eb9317acd5;;;;;;;;;VERO;2,00;;;;
Fattura;FVI25-00084;TD01;16/04/2025;C00046;ASSICURA POINT BROKER SRL;FE - B2B;IT10282211001_A0444.xml;16/04/25 18:02:28;Validazione effettuata correttamente;;TRS3OH9;VERO;VERO;FALSO;8d3c8993-e6ea-4124-8075-bee2d7819cdd;;;;;;;;;VERO;2,00;;;;
Fattura;FVI25-00082;TD01;10/04/2025;C00037;CONFESERFIDI SOC.CONS. a.r.l;FE - B2B;IT10282211001_A0442.xml;10/04/25 20:31:05;Validazione effettuata correttamente;;SUBM70N;VERO;VERO;VERO;175c438d-aa27-407e-976f-71290ea926ba;;;;;;;;;VERO;2,00;;;;
Fattura;FVI25-00081;TD01;10/04/2025;C00046;ASSICURA POINT BROKER SRL;FE - B2B;IT10282211001_A0441.xml;16/04/25 14:43:10;Validazione effettuata correttamente;;TRS3OH9;VERO;VERO;FALSO;a335194b-4e58-470d-8195-5b6d076434f8;;;;;;;;;VERO;2,00;;;;
Fattura;FVI25-00080;TD01;10/04/2025;C00001;IBL Banca S.P.A.;FE - B2B;IT10282211001_A0440.xml;10/04/25 19:43:35;Validazione effettuata correttamente;;75HCYT1;FALSO;VERO;VERO;de6c0c55-406d-4e01-9ff2-e98a500afaf9;;;;;;;;;VERO;2,00;;;;
Fattura;FVI25-00079;TD01;10/04/2025;C00004;Banca di Sconto S.p.A.;FE - B2B;IT10282211001_A0439.xml;10/04/25 19:07:56;Validazione effettuata correttamente;;75HCYT1;FALSO;VERO;VERO;88f452f8-e85f-402c-9e99-629116aac5a7;;;;;;;;;VERO;2,00;;;;
Fattura;FVI25-00078;TD01;07/04/2025;C00020;COMPASS Banca S.p.A.;FE - B2B;IT10282211001_A0438.xml;07/04/25 18:22:43;Validazione effettuata correttamente;;A4707H7;VERO;VERO;VERO;4229991d-886b-4d89-aca3-65ce7a3944b9;;;;;;;;;VERO;2,00;;;;
Fattura;FVI25-00077;TD01;07/04/2025;C00035;Mediobanca  Premier Spa;FE - B2B;IT10282211001_A0437.xml;07/04/25 17:44:52;Validazione effettuata correttamente;;A4707H7;FALSO;VERO;VERO;472f7c2b-d6e4-44ac-88c4-1ba239bea033;;;;;;;;;VERO;2,00;;;;
Fattura;FVI25-00076;TD01;07/04/2025;C00044;PERMICRO  S.P.A ;FE - B2B;IT10282211001_A0436.xml;07/04/25 17:24:54;Validazione effettuata correttamente;;V0T6GMI;VERO;VERO;FALSO;20480713-4a94-4b08-b8e3-905c1f3c3156;;;;;;;;;VERO;2,00;;;;
Fattura;FVI25-00075;TD01;07/04/2025;C00027;Fucino Finance S.P.A.;FE - B2B;IT10282211001_A0435.xml;07/04/25 16:45:28;Validazione effettuata correttamente;;75HCYT1;FALSO;VERO;FALSO;4df7dbea-2d62-4e5e-86fd-efb1d2e6a09c;;;;;;;;;VERO;2,00;;;;
Fattura;FVI25-00074;TD01;03/04/2025;C00001;IBL Banca S.P.A.;FE - B2B;IT10282211001_A0434.xml;03/04/25 20:08:47;Validazione effettuata correttamente;;75HCYT1;FALSO;VERO;VERO;f2723261-5090-4047-be93-c0da9f0eb5ce;;;;;;;;;VERO;2,00;;;;
Fattura;FVI25-00073;TD01;03/04/2025;C00001;IBL Banca S.P.A.;FE - B2B;IT10282211001_A0433.xml;03/04/25 20:02:32;Validazione effettuata correttamente;;75HCYT1;FALSO;VERO;VERO;3773ba2e-00a5-4163-8db5-8de73b90b15e;;;;;;;;;VERO;2,00;;;;
Fattura;FVI25-00072;TD01;02/04/2025;C00001;IBL Banca S.P.A.;FE - B2B;IT10282211001_A0432.xml;02/04/25 11:14:12;Validazione effettuata correttamente;;75HCYT1;FALSO;VERO;VERO;13962c33-8a6c-4224-9327-c86387164de1;;;;;;;;;VERO;2,00;;;;
Fattura;FVI25-00071;TD01;01/04/2025;C00004;Banca di Sconto S.p.A.;FE - B2B;IT10282211001_A0431.xml;01/04/25 22:11:59;Validazione effettuata correttamente;;75HCYT1;FALSO;VERO;VERO;825afa2a-6768-423b-96ca-19998dbc6d6e;;;;;;;;;VERO;2,00;;;;
Fattura;FVI25-00070;TD01;01/04/2025;C00004;Banca di Sconto S.p.A.;FE - B2B;IT10282211001_A0430.xml;01/04/25 21:59:20;Validazione effettuata correttamente;;75HCYT1;FALSO;VERO;VERO;10f1d58f-305b-48b5-8c9a-14d64214df9a;;;;;;;;;VERO;2,00;;;;
Fattura;FVI25-00069;TD01;26/03/2025;C00001;IBL Banca S.P.A.;FE - B2B;IT10282211001_A0429.xml;26/03/25 12:44:11;Validazione effettuata correttamente;;75HCYT1;FALSO;VERO;VERO;482097f3-c4ee-4f92-b370-29566d65e6f6;;;;;;;;;VERO;2,00;;;;
Fattura;FVI25-00068;TD01;26/03/2025;C00024;Banca Nazionale del Lavoro S.p.A.;FE - B2B;IT10282211001_A0428.xml;26/03/25 12:39:44;Validazione effettuata correttamente;;Y57L5RI;FALSO;VERO;VERO;561ddf01-5dae-4a9d-8aa3-ac6a40deb363;;;;;;;;;VERO;2,00;;;;
Fattura;FVI25-00067;TD01;24/03/2025;C00004;Banca di Sconto S.p.A.;FE - B2B;IT10282211001_A0427.xml;24/03/25 13:46:44;Validazione effettuata correttamente;;75HCYT1;FALSO;VERO;VERO;dc6ba2e4-bf60-4a5e-a99c-b87f448dff32;;;;;;;;;VERO;2,00;;;;
Fattura;FVI25-00066;TD01;17/03/2025;C00004;Banca di Sconto S.p.A.;FE - B2B;IT10282211001_A0426.xml;24/03/25 13:45:20;Validazione effettuata correttamente;;75HCYT1;FALSO;VERO;VERO;100b85ab-82bf-496b-8d3a-662a1a55ab11;;;;;;;;;VERO;2,00;;;;
Fattura;FVI25-00065;TD01;10/03/2025;C00027;Fucino Finance S.P.A.;FE - B2B;IT10282211001_A0425.xml;10/03/25 17:48:06;Validazione effettuata correttamente;;75HCYT1;FALSO;VERO;FALSO;c0f38e43-ff1a-4e47-9b32-e59ab1f47c45;;;;;;;;;VERO;2,00;;;;
Fattura;FVI25-00064;TD01;10/03/2025;C00004;Banca di Sconto S.p.A.;FE - B2B;IT10282211001_A0424.xml;10/03/25 17:20:57;Validazione effettuata correttamente;;75HCYT1;FALSO;VERO;VERO;59d684e4-e21e-42ce-8006-3e05f0c106de;;;;;;;;;VERO;2,00;;;;
Fattura;FVI25-00063;TD01;08/03/2025;C00019;Agos Ducato S.p.A.;FE - B2B;IT10282211001_A0423.xml;08/03/25 10:22:03;Validazione effettuata correttamente;;2OH2JHA;FALSO;VERO;VERO;ea48cbdf-93c7-40d2-98c2-cd4fb5f1816c;;;;;;;;;VERO;2,00;;;;
Fattura;FVI25-00062;TD01;06/03/2025;C00035;Mediobanca  Premier Spa;FE - B2B;IT10282211001_A0422.xml;06/03/25 19:28:56;Validazione effettuata correttamente;;A4707H7;FALSO;VERO;VERO;b4c78295-c59b-42cf-947e-b7a15ead4dd7;;;;;;;;;VERO;2,00;;;;
Fattura;FVI25-00061;TD01;06/03/2025;C00001;IBL Banca S.P.A.;FE - B2B;IT10282211001_A0421.xml;06/03/25 18:52:04;Validazione effettuata correttamente;;75HCYT1;FALSO;VERO;VERO;6a907d24-2986-456f-b1f9-e1ef2d00e54e;;;;;;;;;VERO;2,00;;;;
Fattura;FVI25-00060;TD01;06/03/2025;C00001;IBL Banca S.P.A.;FE - B2B;IT10282211001_A0420.xml;06/03/25 18:35:01;Validazione effettuata correttamente;;75HCYT1;FALSO;VERO;VERO;ff210ee5-8df7-43af-a929-6f5302eed246;;;;;;;;;VERO;2,00;;;;
Fattura;FVI25-00059;TD01;05/03/2025;C00027;Fucino Finance S.P.A.;FE - B2B;IT10282211001_A0419.xml;05/03/25 20:18:47;Validazione effettuata correttamente;;75HCYT1;FALSO;VERO;FALSO;5329b51d-cddc-424e-b1e9-0781c3c6d3cf;;;;;;;;;VERO;2,00;;;;
Fattura;FVI25-00058;TD01;05/03/2025;C00055;MOROZAN VICTOR ;FE - B2C;IT10282211001_A0418.xml;05/03/25 13:19:19;Validazione effettuata correttamente;;0000000;FALSO;FALSO;VERO;73624c95-b4ab-4241-9591-3fb7fb3bf914;;;;;;;;;VERO;2,00;;;;
Fattura;FVI25-00057;TD01;05/03/2025;C00054;LOMBARDI RUGGERO GIUSEPPE;FE - B2C;IT10282211001_A0417.xml;06/03/25 10:56:42;Validazione effettuata correttamente;;0000000;FALSO;FALSO;VERO;e12df635-e138-4828-891a-284ac3395edf;;;;;;;;;VERO;2,00;;;;
Fattura;FVI25-00056;TD01;05/03/2025;C00053;GRILLO SALVATORE ANTONIO;FE - B2C;IT10282211001_A0416.xml;06/03/25 10:56:25;Validazione effettuata correttamente;;0000000;FALSO;FALSO;VERO;663976c4-e707-477d-85f6-b075e40df91f;;;;;;;;;VERO;2,00;;;;
Fattura;FVI25-00055;TD01;05/03/2025;C00052;DE PAOLA GIACOMO;FE - B2C;IT10282211001_A0415.xml;06/03/25 10:56:04;Validazione effettuata correttamente;;0000000;FALSO;FALSO;VERO;14705dbb-d8ad-4efe-9904-22595f6168b2;;;;;;;;;VERO;2,00;;;;
Fattura;FVI25-00054;TD01;05/03/2025;C00051;COZZOLINO GIORGIO;FE - B2C;IT10282211001_A0414.xml;05/03/25 12:43:39;Validazione effettuata correttamente;;0000000;FALSO;FALSO;VERO;7187d986-95c2-4c6e-be99-f8c693d983e4;;;;;;;;;VERO;2,00;;;;
Fattura;FVI25-00053;TD01;05/03/2025;C00050;CONDELLO GIUSEPPE;FE - B2C;IT10282211001_A0413.xml;05/03/25 12:36:14;Validazione effettuata correttamente;;0000000;FALSO;FALSO;VERO;ce142ab6-a0c3-4f82-93af-32dad0dab0bc;;;;;;;;;VERO;2,00;;;;
Fattura;FVI25-00052;TD01;05/03/2025;C00049;CECI ANTONIO;FE - B2C;IT10282211001_A0412.xml;05/03/25 12:32:27;Validazione effettuata correttamente;;0000000;FALSO;FALSO;VERO;d5930d76-5e0e-459b-a78d-9c8c6e3bf406;;;;;;;;;VERO;2,00;;;;
Fattura;FVI25-00051;TD01;05/03/2025;C00048;CAMPAGNUOLO CONCETTINA;FE - B2C;IT10282211001_A0411.xml;05/03/25 12:27:52;Validazione effettuata correttamente;;0000000;FALSO;FALSO;VERO;6369b47a-da67-464e-ac2f-f267943b1e19;;;;;;;;;VERO;2,00;;;;
Fattura;FVI25-00050;TD01;05/03/2025;C00047;LOMONTE FRANCO;FE - B2C;IT10282211001_A0410.xml;05/03/25 12:27:47;Validazione effettuata correttamente;;0000000;FALSO;FALSO;VERO;3dc7dbd6-e8a7-4d13-bea8-79a00b4af759;;;;;;;;;VERO;2,00;;;;
Nota credito;FVI25-00048;TD04;03/03/2025;C00027;Fucino Finance S.P.A.;FE - B2B;IT10282211001_A0408.xml;03/03/25 20:26:21;Validazione effettuata correttamente;;75HCYT1;FALSO;VERO;FALSO;c5c5deeb-4a63-422d-9c65-d343bc1dceb4;;;;;;;;;VERO;2,00;;;;
Fattura;FVI25-00049;TD01;03/03/2025;C00027;Fucino Finance S.P.A.;FE - B2B;IT10282211001_A0409.xml;03/03/25 20:41:37;Validazione effettuata correttamente;;75HCYT1;FALSO;VERO;FALSO;487f11d0-a9d3-45f0-b5dc-9ba12cfde6a4;;;;;;;;;VERO;2,00;;;;
Fattura;FVI25-00047;TD01;03/03/2025;C00020;COMPASS Banca S.p.A.;FE - B2B;IT10282211001_A0407.xml;03/03/25 15:53:54;Validazione effettuata correttamente;;A4707H7;VERO;VERO;VERO;3b34f60e-b811-47e8-ac7a-a0f9b8395cfd;;;;;;;;;VERO;2,00;;;;
Fattura;FVI25-00046;TD01;03/03/2025;C00001;IBL Banca S.P.A.;FE - B2B;IT10282211001_A0406.xml;03/03/25 13:05:52;Validazione effettuata correttamente;;75HCYT1;FALSO;VERO;VERO;c8e1d5c7-8437-43c1-886f-66f8f9429dba;;;;;;;;;VERO;2,00;;;;
Fattura;FVI25-00045;TD01;03/03/2025;C00004;Banca di Sconto S.p.A.;FE - B2B;IT10282211001_A0405.xml;03/03/25 12:02:28;Validazione effettuata correttamente;;75HCYT1;FALSO;VERO;VERO;9b680006-1170-4853-ae3e-8a8be8884bec;;;;;;;;;VERO;2,00;;;;
Fattura;FVI25-00044;TD01;27/02/2025;C00004;Banca di Sconto S.p.A.;FE - B2B;IT10282211001_A0404.xml;27/02/25 17:08:11;Validazione effettuata correttamente;;75HCYT1;FALSO;VERO;VERO;79e8a8c4-fb0a-4ae4-a76b-bb75a560c178;;;;;;;;;VERO;2,00;;;;
Fattura;FVI25-00043;TD01;27/02/2025;C00024;Banca Nazionale del Lavoro S.p.A.;FE - B2B;IT10282211001_A0403.xml;27/02/25 16:39:38;Validazione effettuata correttamente;;Y57L5RI;FALSO;VERO;VERO;f17669d5-0c8a-415c-be24-977708cd0839;;;;;;;;;VERO;2,00;;;;
Fattura;FVI25-00042;TD01;27/02/2025;C00026;Switcho S.r.l.;FE - B2B;IT10282211001_A0402.xml;27/02/25 16:15:24;Validazione effettuata correttamente;;SUBM70N;FALSO;VERO;VERO;9ce4211b-5a06-4ec5-93c2-96fcc0eeaf73;;;;;;;;;VERO;2,00;;;;
Fattura;FVI25-00041;TD01;26/02/2025;C00001;IBL Banca S.P.A.;FE - B2B;IT10282211001_A0401.xml;26/02/25 18:22:40;Validazione effettuata correttamente;;75HCYT1;FALSO;VERO;VERO;9251b5fc-d059-4c31-adde-b95dea7afa39;;;;;;;;;VERO;2,00;;;;
Fattura;FVI25-00040;TD01;26/02/2025;C00021;Iside Broker Insurance S.R.L.;FE - B2B;IT10282211001_A0400.xml;26/02/25 16:27:41;Validazione effettuata correttamente;;SZLUBAI;FALSO;VERO;VERO;7967b447-6586-46cd-97b0-15ca7c9fe7e0;;;;;;;;;VERO;2,00;;;;
Fattura;FVI25-00039;TD01;26/02/2025;C00030;Fincontinuo S.p.A.;FE - B2B;IT10282211001_A0399.xml;26/02/25 13:57:12;Validazione effettuata correttamente;;M5UXCR1;FALSO;VERO;VERO;1564d7d6-1ebc-44d5-bd12-eef9c42f42d9;;;;;;;;;VERO;2,00;;;;
Fattura;FVI25-00038;TD01;26/02/2025;C00030;Fincontinuo S.p.A.;FE - B2B;IT10282211001_A0398.xml;26/02/25 13:37:40;Validazione effettuata correttamente;;M5UXCR1;FALSO;VERO;VERO;81362dee-574a-4399-aaa6-630518c048bc;;;;;;;;;VERO;2,00;;;;
Fattura;FVI25-00037;TD01;26/02/2025;C00027;Fucino Finance S.P.A.;FE - B2B;IT10282211001_A0397.xml;26/02/25 13:23:50;Validazione effettuata correttamente;;75HCYT1;FALSO;VERO;FALSO;29f9463c-66f1-441b-a643-59841b23f036;;;;;;;;;VERO;2,00;;;;
Fattura;FVI25-00036;TD01;26/02/2025;C00024;Banca Nazionale del Lavoro S.p.A.;FE - B2B;IT10282211001_A0396.xml;26/02/25 12:53:57;Validazione effettuata correttamente;;Y57L5RI;FALSO;VERO;VERO;5d5e110a-15a4-43ed-b052-fbbdc2b81ecd;;;;;;;;;VERO;2,00;;;;
Fattura;FVI25-00035;TD01;26/02/2025;C00024;Banca Nazionale del Lavoro S.p.A.;FE - B2B;IT10282211001_A0395.xml;26/02/25 12:51:23;Validazione effettuata correttamente;;Y57L5RI;FALSO;VERO;VERO;821b40e2-063e-459c-bbaa-e9ccb8726585;;;;;;;;;VERO;2,00;;;;
Nota credito;FVI25-00034;TD04;24/02/2025;C00004;Banca di Sconto S.p.A.;FE - B2B;IT10282211001_A0394.xml;24/02/25 16:07:00;Validazione effettuata correttamente;;75HCYT1;FALSO;VERO;VERO;42270b65-8509-494a-ba44-11e6d85133f5;;;;;;;;;VERO;2,00;;;;
Fattura;FVI25-00033;TD01;20/02/2025;C00019;Agos Ducato S.p.A.;FE - B2B;IT10282211001_A0393.xml;20/02/25 18:20:55;Validazione effettuata correttamente;;2OH2JHA;FALSO;VERO;VERO;97272dec-219d-48cb-84a3-f98defa9f57c;;;;;;;;;VERO;2,00;;;;
Fattura;FVI25-00032;TD01;20/02/2025;C00044;PERMICRO  S.P.A ;FE - B2B;IT10282211001_A0392.xml;20/02/25 17:03:36;Validazione effettuata correttamente;;V0T6GMI;VERO;VERO;FALSO;f2114449-0e4d-4ff8-b15e-86a7d1168bcc;;;;;;;;;VERO;2,00;;;;
Fattura;FVI25-00031;TD01;20/02/2025;C00004;Banca di Sconto S.p.A.;FE - B2B;IT10282211001_A0391.xml;20/02/25 13:22:44;Validazione effettuata correttamente;;75HCYT1;FALSO;VERO;VERO;d011df9e-0d9d-439e-8c07-99af66d4916c;;;;;;;;;VERO;2,00;;;;
Fattura;FVI25-00030;TD01;20/02/2025;C00004;Banca di Sconto S.p.A.;FE - B2B;IT10282211001_A0390.xml;20/02/25 13:15:15;Validazione effettuata correttamente;;75HCYT1;FALSO;VERO;VERO;d2bc5e1c-be04-4b7c-a932-e48706783717;;;;;;;;;VERO;2,00;;;;
Fattura;FVI25-00029;TD01;13/02/2025;C00004;Banca di Sconto S.p.A.;FE - B2B;IT10282211001_A0389.xml;20/02/25 13:13:48;Validazione effettuata correttamente;;75HCYT1;FALSO;VERO;VERO;2eb1bd74-a7fb-4c48-8a18-6bee9cc14a74;;;;;;;;;VERO;2,00;;;;
Fattura;FVI25-00028;TD01;06/02/2025;C00035;Mediobanca  Premier Spa;FE - B2B;IT10282211001_A0388.xml;06/02/25 19:23:15;Validazione effettuata correttamente;;A4707H7;FALSO;VERO;VERO;91b4e4b5-84fc-41a5-bf5d-ed4e7813f732;;;;;;;;;VERO;2,00;;;;
Fattura;FVI25-00027;TD01;06/02/2025;C00027;Fucino Finance S.P.A.;FE - B2B;IT10282211001_A0387.xml;06/02/25 18:57:39;Validazione effettuata correttamente;;75HCYT1;FALSO;VERO;FALSO;0815dde4-2ad1-46f9-bd67-75d96d96c992;;;;;;;;;VERO;2,00;;;;
Fattura;FVI25-00026;TD01;05/02/2025;C00001;IBL Banca S.P.A.;FE - B2B;IT10282211001_A0386.xml;05/02/25 19:29:54;Validazione effettuata correttamente;;75HCYT1;FALSO;VERO;VERO;915269d0-0db9-4c0e-ba34-abeff67d975d;;;;;;;;;VERO;2,00;;;;
Fattura;FVI25-00025;TD01;05/02/2025;C00001;IBL Banca S.P.A.;FE - B2B;IT10282211001_A0385.xml;05/02/25 19:22:08;Validazione effettuata correttamente;;75HCYT1;FALSO;VERO;VERO;d2013cbf-d4b2-42eb-930c-981d4d5f4976;;;;;;;;;VERO;2,00;;;;
Fattura;FVI25-00024;TD01;05/02/2025;C00004;Banca di Sconto S.p.A.;FE - B2B;IT10282211001_A0384.xml;05/02/25 19:10:17;Validazione effettuata correttamente;;75HCYT1;FALSO;VERO;VERO;1ff55b2e-11fb-4346-af85-66a08cee4903;;;;;;;;;VERO;2,00;;;;
Fattura;FVI25-00023;TD01;05/02/2025;C00004;Banca di Sconto S.p.A.;FE - B2B;IT10282211001_A0383.xml;05/02/25 19:04:20;Validazione effettuata correttamente;;75HCYT1;FALSO;VERO;VERO;fb24fb4c-cb21-47d2-b1e2-8114055acdb7;;;;;;;;;VERO;2,00;;;;
Fattura;FVI25-00022;TD01;30/01/2025;C00027;Fucino Finance S.P.A.;FE - B2B;IT10282211001_A0382.xml;30/01/25 15:41:02;Validazione effettuata correttamente;;75HCYT1;FALSO;VERO;FALSO;a71556c8-a2f3-472a-91fa-ec39e5c6ec85;;;;;;;;;VERO;2,00;;;;
Fattura;FVI25-00021;TD01;29/01/2025;C00001;IBL Banca S.P.A.;FE - B2B;IT10282211001_A0381.xml;29/01/25 11:24:01;Validazione effettuata correttamente;;75HCYT1;FALSO;VERO;VERO;43bdd966-8396-475d-9464-65d5b520338d;;;;;;;;;VERO;2,00;;;;
Fattura;FVI25-00020;TD01;23/01/2025;C00004;Banca di Sconto S.p.A.;FE - B2B;IT10282211001_A0380.xml;23/01/25 12:22:35;Validazione effettuata correttamente;;75HCYT1;FALSO;VERO;VERO;80a0867a-7e7b-46be-bb2e-611be0ab5450;;;;;;;;;VERO;2,00;;;;
Fattura;FVI25-00019;TD01;23/01/2025;C00001;IBL Banca S.P.A.;FE - B2B;IT10282211001_A0379.xml;23/01/25 11:56:34;Validazione effettuata correttamente;;75HCYT1;FALSO;VERO;VERO;24264558-40f9-49bf-9061-61646e638c58;;;;;;;;;VERO;2,00;;;;
Fattura;FVI25-00018;TD01;21/01/2025;C00001;IBL Banca S.P.A.;FE - B2B;IT10282211001_A0378.xml;21/01/25 18:30:39;Validazione effettuata correttamente;;75HCYT1;FALSO;VERO;VERO;2e7d8156-6aa1-41bc-94dd-2bd91480a0bd;;;;;;;;;VERO;2,00;;;;
Nota credito;FVI25-00015;TD04;20/01/2025;C00019;Agos Ducato S.p.A.;FE - B2B;IT10282211001_A0375.xml;20/01/25 12:04:24;Validazione effettuata correttamente;;2OH2JHA;FALSO;VERO;VERO;5a380ffd-b4a8-4321-a698-2f9f9347d36b;;;;;;;;;VERO;2,00;;;;
Fattura;FVI25-00017;TD01;20/01/2025;C00026;Switcho S.r.l.;FE - B2B;IT10282211001_A0377.xml;20/01/25 13:26:07;Validazione effettuata correttamente;;SUBM70N;FALSO;VERO;VERO;7ea9be69-ff95-47fb-8f18-53abae4fc945;;;;;;;;;VERO;2,00;;;;
Fattura;FVI25-00016;TD01;20/01/2025;C00019;Agos Ducato S.p.A.;FE - B2B;IT10282211001_A0376.xml;20/01/25 12:13:02;Validazione effettuata correttamente;;2OH2JHA;FALSO;VERO;VERO;24d7f380-f2cd-4ce2-842b-efa9de4c9f75;;;;;;;;;VERO;2,00;;;;
Fattura;FVI25-00014;TD01;16/01/2025;C00001;IBL Banca S.P.A.;FE - B2B;IT10282211001_A0374.xml;16/01/25 12:29:23;Validazione effettuata correttamente;;75HCYT1;FALSO;VERO;VERO;1ec5bd27-67de-4a3d-859b-c12186b3f3f8;;;;;;;;;VERO;2,00;;;;
Fattura;FVI25-00013;TD01;16/01/2025;C00004;Banca di Sconto S.p.A.;FE - B2B;IT10282211001_A0373.xml;16/01/25 12:24:09;Validazione effettuata correttamente;;75HCYT1;FALSO;VERO;VERO;9a663fad-2093-481b-afdc-f37c9108ea3e;;;;;;;;;VERO;2,00;;;;
Fattura;FVI25-00012;TD01;13/01/2025;C00019;Agos Ducato S.p.A.;FE - B2B;IT10282211001_A0372.xml;13/01/25 14:43:04;Validazione effettuata correttamente;;2OH2JHA;FALSO;VERO;VERO;3d3c557b-9a40-4737-9aaa-8ca2b89edb2e;;;;;;;;;VERO;2,00;;;;
Fattura;FVI25-00011;TD01;11/01/2025;C00001;IBL Banca S.P.A.;FE - B2B;IT10282211001_A0371.xml;11/01/25 13:20:29;Validazione effettuata correttamente;;75HCYT1;FALSO;VERO;VERO;82be9db9-0737-410b-aa0c-2387e52b6d8a;;;;;;;;;VERO;2,00;;;;
Fattura;FVI25-00010;TD01;10/01/2025;C00041;DIMICHINO ANGELO;FE - B2C;IT10282211001_A0370.xml;10/01/25 13:20:39;Validazione effettuata correttamente;;0000000;FALSO;FALSO;VERO;e7ee8384-07a8-4c94-a0ea-4aca99f15799;;;;;;;;;VERO;2,00;;;;
Fattura;FVI25-00009;TD01;10/01/2025;C00043;LABELLA VALENTINA;FE - B2C;IT10282211001_A0369.xml;10/01/25 13:00:29;Validazione effettuata correttamente;;0000000;FALSO;FALSO;VERO;c947c30e-8d65-4b97-b7f3-e6266dc2520f;;;;;;;;;VERO;2,00;;;;
Fattura;FVI25-00008;TD01;08/01/2025;C00020;COMPASS Banca S.p.A.;FE - B2B;IT10282211001_A0368.xml;08/01/25 18:21:06;Validazione effettuata correttamente;;A4707H7;VERO;VERO;VERO;9763de19-2871-4768-bea5-6672e7b1be9c;;;;;;;;;VERO;2,00;;;;
Fattura;FVI25-00007;TD01;08/01/2025;C00035;Mediobanca  Premier Spa;FE - B2B;IT10282211001_A0367.xml;08/01/25 17:55:39;Validazione effettuata correttamente;;A4707H7;FALSO;VERO;VERO;c0ce35b6-3701-474c-9c21-3f6da9ec4e3d;;;;;;;;;VERO;2,00;;;;
Fattura;FVI25-00006;TD01;08/01/2025;C00035;Mediobanca  Premier Spa;FE - B2B;IT10282211001_A0366.xml;08/01/25 17:49:25;Validazione effettuata correttamente;;A4707H7;FALSO;VERO;VERO;16344632-82c5-464b-93b7-aa1bfa566107;;;;;;;;;VERO;2,00;;;;
Fattura;FVI25-00005;TD01;08/01/2025;C00027;Fucino Finance S.P.A.;FE - B2B;IT10282211001_A0365.xml;08/01/25 17:47:05;Validazione effettuata correttamente;;75HCYT1;FALSO;VERO;FALSO;;;;;;;;;;VERO;2,00;;;;
Fattura;FVI25-00004;TD01;07/01/2025;C00001;IBL Banca S.P.A.;FE - B2B;IT10282211001_A0364.xml;07/01/25 20:28:31;Validazione effettuata correttamente;;75HCYT1;FALSO;VERO;VERO;25854de9-61a0-4e03-a25c-891aaa0feb3c;;;;;;;;;VERO;2,00;;;;
Fattura;FVI25-00003;TD01;02/01/2025;C00024;Banca Nazionale del Lavoro S.p.A.;FE - B2B;IT10282211001_A0363.xml;02/01/25 20:06:38;Validazione effettuata correttamente;;Y57L5RI;FALSO;VERO;VERO;829bed8c-025f-46b0-964d-6eb6dd246574;;;;;;;;;VERO;2,00;;;;
Fattura;FVI25-00002;TD01;02/01/2025;C00024;Banca Nazionale del Lavoro S.p.A.;FE - B2B;IT10282211001_A0362.xml;02/01/25 19:57:05;Validazione effettuata correttamente;;Y57L5RI;FALSO;VERO;VERO;23fee0da-302a-4d95-a15a-b69650276646;;;;;;;;;VERO;2,00;;;;
Fattura;FVI25-00001;TD01;02/01/2025;C00004;Banca di Sconto S.p.A.;FE - B2B;IT10282211001_A0361.xml;02/01/25 19:36:34;Validazione effettuata correttamente;;75HCYT1;FALSO;VERO;VERO;3f638929-d551-4d31-b054-28b3beb94fb1;;;;;;;;;VERO;2,00;;;;
Fattura;FVI24-00197;TD01;28/12/2024;C00024;Banca Nazionale del Lavoro S.p.A.;FE - B2B;IT10282211001_A0359.xml;28/12/24 15:38:47;Validazione effettuata correttamente;;Y57L5RI;FALSO;VERO;VERO;8df0a61c-370b-4502-914d-9adf440ba671;;;;;;;;;VERO;2,00;;;;
Fattura;FVI24-00196;TD01;28/12/2024;C00024;Banca Nazionale del Lavoro S.p.A.;FE - B2B;IT10282211001_A0358.xml;28/12/24 15:33:10;Validazione effettuata correttamente;;Y57L5RI;FALSO;VERO;VERO;a3ab9f13-0483-4d93-b5ef-717fb9cf0253;;;;;;;;;VERO;2,00;;;;
Fattura;FVI24-00195;TD01;28/12/2024;C00001;IBL Banca S.P.A.;FE - B2B;IT10282211001_A0357.xml;28/12/24 15:12:27;Validazione effettuata correttamente;;75HCYT1;FALSO;VERO;VERO;3a79a84a-33f5-4bcb-aa82-1b4c1d2fde3e;;;;;;;;;VERO;2,00;;;;
Fattura;FVI24-00194;TD01;28/12/2024;C00004;Banca di Sconto S.p.A.;FE - B2B;IT10282211001_A0356.xml;28/12/24 15:00:47;Validazione effettuata correttamente;;75HCYT1;FALSO;VERO;VERO;697967da-98a4-4d11-96e3-10a029e06081;;;;;;;;;VERO;2,00;;;;
Fattura;FVI24-00193;TD01;27/12/2024;C00040;VITANUOVA S.P.A.;FE - B2B;IT10282211001_A0355.xml;27/12/24 23:48:58;Validazione effettuata correttamente;;M5UXCR1;FALSO;VERO;FALSO;ad2cf26f-9e51-4da0-903d-4b9632e9a116;;;;;;;;;VERO;2,00;;;;
Fattura;FVI24-00192;TD01;14/12/2024;C00004;Banca di Sconto S.p.A.;FE - B2B;IT10282211001_A0354.xml;14/12/24 14:32:08;Validazione effettuata correttamente;;75HCYT1;FALSO;VERO;VERO;d0276f95-9d5b-4ff7-8205-a502c18f739d;;;;;;;;;VERO;2,00;;;;
Fattura;FVI24-00191;TD01;09/12/2024;C00019;Agos Ducato S.p.A.;FE - B2B;IT10282211001_A0353.xml;09/12/24 18:17:43;Validazione effettuata correttamente;;2OH2JHA;FALSO;VERO;VERO;e3d0c079-53b0-41a8-937f-b433a3d6e9d8;;;;;;;;;VERO;2,00;;;;
Fattura;FVI24-00190;TD01;05/12/2024;C00004;Banca di Sconto S.p.A.;FE - B2B;IT10282211001_A0352.xml;05/12/24 11:19:10;Validazione effettuata correttamente;;75HCYT1;FALSO;VERO;VERO;2ed3b0fd-5a07-4072-a005-8ecdd4419a34;;;;;;;;;VERO;2,00;;;;
Fattura;FVI24-00189;TD01;05/12/2024;C00027;Fucino Finance S.P.A.;FE - B2B;IT10282211001_A0351.xml;05/12/24 10:33:04;Validazione effettuata correttamente;;75HCYT1;FALSO;VERO;FALSO;2a32c5a0-2792-4352-9dfd-6bdeae22bd19;;;;;;;;;VERO;2,00;;;;
Fattura;FVI24-00188;TD01;04/12/2024;C00026;Switcho S.r.l.;FE - B2B;IT10282211001_A0350.xml;04/12/24 19:06:31;Validazione effettuata correttamente;;SUBM70N;FALSO;VERO;VERO;b9d343da-8a3f-4023-a2f0-570b466e48ed;;;;;;;;;VERO;2,00;;;;
Fattura;FVI24-00187;TD01;04/12/2024;C00035;Mediobanca  Premier Spa;FE - B2B;IT10282211001_A0349.xml;04/12/24 18:57:13;Validazione effettuata correttamente;;A4707H7;FALSO;VERO;VERO;9c3624c5-2424-41eb-b281-a6f2416f2779;;;;;;;;;VERO;2,00;;;;
Fattura;FVI24-00186;TD01;04/12/2024;C00024;Banca Nazionale del Lavoro S.p.A.;FE - B2B;IT10282211001_A0348.xml;04/12/24 18:43:18;Validazione effettuata correttamente;;Y57L5RI;FALSO;VERO;VERO;411940f9-af1f-4028-9175-7b3170bd463b;;;;;;;;;VERO;2,00;;;;
Fattura;FVI24-00185;TD01;04/12/2024;C00024;Banca Nazionale del Lavoro S.p.A.;FE - B2B;IT10282211001_A0347.xml;04/12/24 18:37:40;Validazione effettuata correttamente;;Y57L5RI;FALSO;VERO;VERO;47e95107-ddff-4fc1-9e4d-490cb5565aac;;;;;;;;;VERO;2,00;;;;
Fattura;FVI24-00184;TD01;04/12/2024;C00039;CF+ S.p.A.;FE - B2B;IT10282211001_A0346.xml;04/12/24 18:08:01;Validazione effettuata correttamente;;LXAG9BJ;VERO;VERO;VERO;090620bc-b84b-4cff-b227-80b27edcf934;;;;;;;;;VERO;2,00;;;;
Fattura;FVI24-00183;TD01;04/12/2024;C00001;IBL Banca S.P.A.;FE - B2B;IT10282211001_A0345.xml;04/12/24 16:55:19;Validazione effettuata correttamente;;75HCYT1;FALSO;VERO;VERO;d8238a35-e3a3-4999-b063-69c129da3798;;;;;;;;;VERO;2,00;;;;
Fattura;FVI24-00182;TD01;04/12/2024;C00001;IBL Banca S.P.A.;FE - B2B;IT10282211001_A0344.xml;04/12/24 16:43:21;Validazione effettuata correttamente;;75HCYT1;FALSO;VERO;VERO;d6810aa4-44ef-48a9-86a5-71587c95e95c;;;;;;;;;FALSO;0,00;;;;
Fattura;FVI24-00181;TD01;04/12/2024;C00004;Banca di Sconto S.p.A.;FE - B2B;IT10282211001_A0343.xml;04/12/24 13:30:37;Validazione effettuata correttamente;;75HCYT1;FALSO;VERO;VERO;790f8c12-b15f-450e-9e4c-fcab6fda6d39;;;;;;;;;VERO;2,00;;;;
Fattura;FVI24-00180;TD01;28/11/2024;C00004;Banca di Sconto S.p.A.;FE - B2B;IT10282211001_A0342.xml;28/11/24 14:12:38;Validazione effettuata correttamente;;75HCYT1;FALSO;VERO;VERO;0b1fab82-9188-434e-9c75-a0f344544153;;;;;;;;;VERO;2,00;;;;
Fattura;FVI24-00179;TD01;28/11/2024;C00038;D'ONOFRIO AGOSTINO;FE - B2C;IT10282211001_A0341.xml;28/11/24 15:04:30;Validazione effettuata correttamente;;0000000;FALSO;FALSO;VERO;a31237e5-6024-4051-bd0c-780045dbc17c;;;;;;;;;VERO;2,00;;;;
Fattura;FVI24-00178;TD01;21/11/2024;C00024;Banca Nazionale del Lavoro S.p.A.;FE - B2B;IT10282211001_A0340.xml;21/11/24 15:39:53;Validazione effettuata correttamente;;Y57L5RI;FALSO;VERO;VERO;f0eaf29b-5272-4264-884c-3159c9a23bb7;;;;;;;;;VERO;2,00;;;;
Fattura;FVI24-00177;TD01;21/11/2024;C00024;Banca Nazionale del Lavoro S.p.A.;FE - B2B;IT10282211001_A0339.xml;21/11/24 15:34:40;Validazione effettuata correttamente;;Y57L5RI;FALSO;VERO;VERO;49bfd758-b42a-4faa-9a26-f18859c1ac4d;;;;;;;;;VERO;2,00;;;;
Fattura;FVI24-00176;TD01;20/11/2024;C00001;IBL Banca S.P.A.;FE - B2B;IT10282211001_A0338.xml;20/11/24 10:25:21;Validazione effettuata correttamente;;75HCYT1;FALSO;VERO;VERO;2ca195f1-dcc7-475e-b41a-634bfc49db35;;;;;;;;;VERO;2,00;;;;
Nota credito;FVI24-00174;TD04;19/11/2024;C00020;COMPASS Banca S.p.A.;FE - B2B;IT10282211001_A0336.xml;19/11/24 16:45:04;Validazione effettuata correttamente;;A4707H7;VERO;VERO;VERO;9cb08496-b885-4fc5-8251-12472c213bb3;;;;;;;;;VERO;2,00;;;;
Fattura;FVI24-00175;TD01;19/11/2024;C00020;COMPASS Banca S.p.A.;FE - B2B;IT10282211001_A0337.xml;19/11/24 16:53:43;Validazione effettuata correttamente;;A4707H7;VERO;VERO;VERO;915e6848-61a3-4ae4-880d-f895e80b5f60;;;;;;;;;VERO;2,00;;;;
Fattura;FVI24-00173;TD01;14/11/2024;C00004;Banca di Sconto S.p.A.;FE - B2B;IT10282211001_A0335.xml;14/11/24 16:21:51;Validazione effettuata correttamente;;75HCYT1;FALSO;VERO;VERO;5bdbf1e9-555f-4edd-8377-d6dfa9432ec9;;;;;;;;;VERO;2,00;;;;
Fattura;FVI24-00172;TD01;14/11/2024;C00001;IBL Banca S.P.A.;FE - B2B;IT10282211001_A0334.xml;14/11/24 15:53:27;Validazione effettuata correttamente;;75HCYT1;FALSO;VERO;VERO;2d73111a-ac45-4f09-a24e-808f18ab349b;;;;;;;;;VERO;2,00;;;;
Fattura;FVI24-00171;TD01;14/11/2024;C00001;IBL Banca S.P.A.;FE - B2B;IT10282211001_A0332.xml;14/11/24 15:32:42;Validazione effettuata correttamente;;75HCYT1;FALSO;VERO;VERO;c79a988a-5226-4acb-b7a5-941458027f4d;;;;;;;;;VERO;2,00;;;;
Fattura;FVI24-00170;TD01;14/11/2024;C00020;COMPASS Banca S.p.A.;FE - B2B;IT10282211001_A0331.xml;14/11/24 14:27:48;Validazione effettuata correttamente;;A4707H7;VERO;VERO;VERO;f28ff507-b659-4bb3-a1eb-18e43d2aace1;;;;;;;;;VERO;2,00;;;;
Fattura;FVI24-00169;TD01;14/11/2024;C00035;Mediobanca  Premier Spa;FE - B2B;IT10282211001_A0330.xml;14/11/24 11:48:09;Validazione effettuata correttamente;;A4707H7;FALSO;VERO;VERO;c15b314c-ee82-4868-9a89-1785f134934b;;;;;;;;;VERO;2,00;;;;
Fattura;FVI24-00168;TD01;14/11/2024;C00019;Agos Ducato S.p.A.;FE - B2B;IT10282211001_A0329.xml;14/11/24 11:33:40;Validazione effettuata correttamente;;2OH2JHA;FALSO;VERO;VERO;350e8684-63d3-49fd-b356-57c6c3b77c9c;;;;;;;;;VERO;2,00;;;;
Fattura;FVI24-00167;TD01;07/11/2024;C00020;COMPASS Banca S.p.A.;FE - B2B;IT10282211001_A0328.xml;11/11/24 15:39:04;Validazione effettuata correttamente;;A4707H7;VERO;VERO;VERO;8d362153-1942-4bfb-949d-208968d2100b;;;;;;;;;VERO;2,00;;;;
Fattura;FVI24-00166;TD01;05/11/2024;C00027;Fucino Finance S.P.A.;FE - B2B;IT10282211001_A0325.xml;05/11/24 19:02:01;Validazione effettuata correttamente;;75HCYT1;FALSO;VERO;FALSO;bbb249cd-3237-4d7f-ad23-4a365c397587;;;;;;;;;VERO;2,00;;;;
Fattura;FVI24-00165;TD01;04/11/2024;C00037;CONFESERFIDI SOC.CONS. a.r.l;FE - B2B;IT10282211001_A0324.xml;05/11/24 10:14:18;Validazione effettuata correttamente;;SUBM70N;VERO;VERO;VERO;4a3518b4-a9a0-4d97-a3d1-9b41190ad796;;;;;;;;;VERO;2,00;;;;
Fattura;FVI24-00164;TD01;04/11/2024;C00004;Banca di Sconto S.p.A.;FE - B2B;IT10282211001_A0323.xml;04/11/24 12:46:19;Validazione effettuata correttamente;;75HCYT1;FALSO;VERO;VERO;e7288379-316b-40f6-8199-914a3c0a11cb;;;;;;;;;VERO;2,00;;;;
Fattura;FVI24-00163;TD01;04/11/2024;C00004;Banca di Sconto S.p.A.;FE - B2B;IT10282211001_A0322.xml;04/11/24 11:47:24;Validazione effettuata correttamente;;75HCYT1;FALSO;VERO;VERO;6c899e2b-4da8-4465-a6e4-fcfa2255760e;;;;;;;;;VERO;2,00;;;;
Fattura;FVI24-00162;TD01;31/10/2024;C00026;Switcho S.r.l.;FE - B2B;IT10282211001_A0321.xml;31/10/24 18:08:44;Validazione effettuata correttamente;;SUBM70N;FALSO;VERO;VERO;7fe53ab0-dead-4ddf-847a-9d94525e4faf;;;;;;;;;VERO;2,00;;;;
Fattura;FVI24-00161;TD01;28/10/2024;C00001;IBL Banca S.P.A.;FE - B2B;IT10282211001_A0320.xml;28/10/24 17:46:12;Validazione effettuata correttamente;;75HCYT1;FALSO;VERO;VERO;c5742ee5-99c9-48f6-8472-897a312ad2b3;;;;;;;;;VERO;2,00;;;;
Fattura;FVI24-00160;TD01;28/10/2024;C00004;Banca di Sconto S.p.A.;FE - B2B;IT10282211001_A0319.xml;28/10/24 15:21:20;Validazione effettuata correttamente;;75HCYT1;FALSO;VERO;VERO;3ab35025-78c0-4c3e-859e-629f9233b302;;;;;;;;;VERO;2,00;;;;
Fattura;FVI24-00159;TD01;18/10/2024;C00024;Banca Nazionale del Lavoro S.p.A.;FE - B2B;IT10282211001_A0318.xml;18/10/24 21:37:46;Validazione effettuata correttamente;;Y57L5RI;FALSO;VERO;VERO;5c68386d-cf16-4d29-9a0a-dadc6be921bc;;;;;;;;;VERO;2,00;;;;
Fattura;FVI24-00158;TD01;18/10/2024;C00019;Agos Ducato S.p.A.;FE - B2B;IT10282211001_A0317.xml;18/10/24 21:22:03;Validazione effettuata correttamente;;2OH2JHA;FALSO;VERO;VERO;11ced299-09de-4f17-a323-199d37cc0b4a;;;;;;;;;VERO;2,00;;;;
Fattura;FVI24-00157;TD01;18/10/2024;C00019;Agos Ducato S.p.A.;FE - B2B;IT10282211001_A0316.xml;18/10/24 21:17:57;Validazione effettuata correttamente;;2OH2JHA;FALSO;VERO;VERO;6134a66b-534e-48b0-842d-5bf3ac05d13b;;;;;;;;;VERO;2,00;;;;
Fattura;FVI24-00156;TD01;18/10/2024;C00019;Agos Ducato S.p.A.;FE - B2B;IT10282211001_A0315.xml;18/10/24 21:14:34;Validazione effettuata correttamente;;2OH2JHA;FALSO;VERO;VERO;8948bab3-8d72-4a2f-a0b2-ea2ccad93cc2;;;;;;;;;VERO;2,00;;;;
Fattura;FVI24-00155;TD01;18/10/2024;C00026;Switcho S.r.l.;FE - B2B;IT10282211001_A0314.xml;18/10/24 21:05:09;Validazione effettuata correttamente;;SUBM70N;FALSO;VERO;VERO;0d1dd3d8-8a88-49bc-87c3-4a326bf5064a;;;;;;;;;VERO;2,00;;;;
Fattura;FVI24-00154;TD01;18/10/2024;C00021;Iside Broker Insurance S.R.L.;FE - B2B;IT10282211001_A0313.xml;21/10/24 10:08:18;Validazione effettuata correttamente;;SZLUBAI;FALSO;VERO;VERO;be71ca3a-c853-498e-860d-19c8755df92c;;;;;;;;;VERO;2,00;;;;
Fattura;FVI24-00153;TD01;18/10/2024;C00035;Mediobanca  Premier Spa;FE - B2B;IT10282211001_A0312.xml;18/10/24 20:28:07;Validazione effettuata correttamente;;A4707H7;FALSO;VERO;VERO;75498f5f-2560-4d5a-af7a-329ac7d8a440;;;;;;;;;VERO;2,00;;;;
Fattura;FVI24-00152;TD01;18/10/2024;C00035;Mediobanca  Premier Spa;FE - B2B;IT10282211001_A0311.xml;18/10/24 20:13:33;Validazione effettuata correttamente;;A4707H7;FALSO;VERO;VERO;657db385-1070-4a72-a9b2-97da3acbb3ac;;;;;;;;;VERO;2,00;;;;
Fattura;FVI24-00151;TD01;17/10/2024;C00004;Banca di Sconto S.p.A.;FE - B2B;IT10282211001_A0310.xml;17/10/24 17:57:44;Validazione effettuata correttamente;;75HCYT1;FALSO;VERO;VERO;cc02d723-fbb4-4b50-b816-8a7539593d44;;;;;;;;;VERO;2,00;;;;
Fattura;FVI24-00150;TD01;16/10/2024;C00020;COMPASS Banca S.p.A.;FE - B2B;IT10282211001_A0309.xml;16/10/24 21:10:29;Validazione effettuata correttamente;;A4707H7;VERO;VERO;VERO;c65ee199-31d0-4a1f-8303-009a26937d63;;;;;;;;;VERO;2,00;;;;
Fattura;FVI24-00149;TD01;16/10/2024;C00001;IBL Banca S.P.A.;FE - B2B;IT10282211001_A0308.xml;16/10/24 20:27:07;Validazione effettuata correttamente;;75HCYT1;FALSO;VERO;VERO;6c9b069c-8ec7-4554-a130-ff6940e9174a;;;;;;;;;VERO;2,00;;;;
Fattura;FVI24-00148;TD01;16/10/2024;C00001;IBL Banca S.P.A.;FE - B2B;IT10282211001_A0307.xml;16/10/24 20:14:41;Validazione effettuata correttamente;;75HCYT1;FALSO;VERO;VERO;01bf6e3e-be49-465f-8077-c7dfdb03cebe;;;;;;;;;VERO;2,00;;;;
Nota credito;FVI24-00147;TD04;08/10/2024;C00001;IBL Banca S.P.A.;FE - B2B;IT10282211001_A0306.xml;10/10/24 13:25:41;Validazione effettuata correttamente;;75HCYT1;FALSO;VERO;VERO;b5fac67d-89ca-41f2-aff4-6ca526a05671;;;;;;;;;VERO;2,00;;;;
Fattura;FVI24-00146;TD01;07/10/2024;C00027;Fucino Finance S.P.A.;FE - B2B;IT10282211001_A0305.xml;07/10/24 15:42:09;Validazione effettuata correttamente;;75HCYT1;FALSO;VERO;FALSO;7c3453e8-f5f3-44ba-9ba4-dce419f177ea;;;;;;;;;VERO;2,00;;;;
Fattura;FVI24-00145;TD01;02/10/2024;C00004;Banca di Sconto S.p.A.;FE - B2B;IT10282211001_A0304.xml;02/10/24 10:25:16;Validazione effettuata correttamente;;75HCYT1;FALSO;VERO;VERO;70188dd4-db5d-4621-8fc5-dde71f6b0104;;;;;;;;;VERO;2,00;;;;
Fattura;FVI24-00144;TD01;02/10/2024;C00004;Banca di Sconto S.p.A.;FE - B2B;IT10282211001_A0303.xml;02/10/24 10:18:08;Validazione effettuata correttamente;;75HCYT1;FALSO;VERO;VERO;f8ae4f62-16bb-463c-8466-559c18c58895;;;;;;;;;VERO;2,00;;;;
Fattura;FVI24-00143;TD01;01/10/2024;C00001;IBL Banca S.P.A.;FE - B2B;IT10282211001_A0302.xml;01/10/24 21:50:19;Validazione effettuata correttamente;;75HCYT1;FALSO;VERO;VERO;715758bb-8a00-409c-9ad2-4084a2a182cb;;;;;;;;;VERO;2,00;;;;
Fattura;FVI24-00142;TD01;01/10/2024;C00001;IBL Banca S.P.A.;FE - B2B;IT10282211001_A0301.xml;01/10/24 21:28:36;Validazione effettuata correttamente;;75HCYT1;FALSO;VERO;VERO;a014b535-a0a3-4ecd-9ff2-93a3a66d008e;;;;;;;;;VERO;2,00;;;;
Fattura;FVI24-00141;TD01;26/09/2024;C00021;Iside Broker Insurance S.R.L.;FE - B2B;IT10282211001_A0300.xml;26/09/24 16:04:41;Validazione effettuata correttamente;;SZLUBAI;FALSO;VERO;VERO;0a01eeab-636b-4114-9397-784a5037a6f0;;;;;;;;;VERO;2,00;;;;
Fattura;FVI24-00140;TD01;24/09/2024;C00001;IBL Banca S.P.A.;FE - B2B;IT10282211001_A0299.xml;24/09/24 20:50:11;Validazione effettuata correttamente;;75HCYT1;FALSO;VERO;VERO;7b8c3b32-6c90-4c74-be76-8fabbeed83ba;;;;;;;;;VERO;2,00;;;;
Fattura;FVI24-00139;TD01;17/09/2024;C00024;Banca Nazionale del Lavoro S.p.A.;FE - B2B;IT10282211001_A0298.xml;17/09/24 21:13:29;Validazione effettuata correttamente;;Y57L5RI;FALSO;VERO;VERO;ea220ada-a813-4d3e-a97e-38312017a437;;;;;;;;;VERO;2,00;;;;
Fattura;FVI24-00138;TD01;17/09/2024;C00004;Banca di Sconto S.p.A.;FE - B2B;IT10282211001_A0297.xml;17/09/24 20:46:33;Validazione effettuata correttamente;;75HCYT1;FALSO;VERO;VERO;eee5a2d2-7e3f-462c-9fab-aad260f7b2a2;;;;;;;;;VERO;2,00;;;;
Fattura;FVI24-00137;TD01;17/09/2024;C00004;Banca di Sconto S.p.A.;FE - B2B;IT10282211001_A0296.xml;17/09/24 20:38:13;Validazione effettuata correttamente;;75HCYT1;FALSO;VERO;VERO;d250eb3d-4c99-43a6-a437-56b1365ca49a;;;;;;;;;VERO;2,00;;;;
Fattura;FVI24-00136;TD01;11/09/2024;C00001;IBL Banca S.P.A.;FE - B2B;IT10282211001_A0295.xml;11/09/24 15:57:10;Validazione effettuata correttamente;;75HCYT1;FALSO;VERO;VERO;26238a62-813e-4d51-8cf1-63f345d24075;;;;;;;;;VERO;2,00;;;;
Fattura;FVI24-00135;TD01;05/09/2024;C00024;Banca Nazionale del Lavoro S.p.A.;FE - B2B;IT10282211001_A0294.xml;05/09/24 12:30:44;Validazione effettuata correttamente;;Y57L5RI;FALSO;VERO;VERO;9607e755-04df-486c-a043-bca345a32be9;;;;;;;;;VERO;2,00;;;;
Fattura;FVI24-00134;TD01;05/09/2024;C00024;Banca Nazionale del Lavoro S.p.A.;FE - B2B;IT10282211001_A0293.xml;05/09/24 12:18:44;Validazione effettuata correttamente;;Y57L5RI;FALSO;VERO;VERO;068a3fd2-3d66-4a6c-84af-bdf7b964eb3f;;;;;;;;;VERO;2,00;;;;
Fattura;FVI24-00133;TD01;05/09/2024;C00024;Banca Nazionale del Lavoro S.p.A.;FE - B2B;IT10282211001_A0292.xml;05/09/24 12:04:48;Validazione effettuata correttamente;;Y57L5RI;FALSO;VERO;VERO;1956e7b9c8604d2b8d039c60933c6df0;;;;;;;;;VERO;2,00;;;;
Fattura;FVI24-00132;TD01;05/09/2024;C00027;Fucino Finance S.P.A.;FE - B2B;IT10282211001_A0291.xml;05/09/24 11:28:12;Validazione effettuata correttamente;;75HCYT1;FALSO;VERO;FALSO;1c6fac66-87c5-4c5d-9a0e-c68ccf24bd7d;;;;;;;;;VERO;2,00;;;;
Fattura;FVI24-00131;TD01;29/08/2024;C00030;Fincontinuo S.p.A.;FE - B2B;IT10282211001_A0290.xml;29/08/24 15:23:14;Validazione effettuata correttamente;;M5UXCR1;FALSO;VERO;VERO;e54068dc-3de7-4ced-82e0-3c0ecf8c397e;;;;;;;;;VERO;2,00;;;;
Fattura;FVI24-00130;TD01;27/08/2024;C00004;Banca di Sconto S.p.A.;FE - B2B;IT10282211001_A0289.xml;27/08/24 16:42:46;Validazione effettuata correttamente;;75HCYT1;FALSO;VERO;VERO;df228126-58e9-497e-9881-8f0f0ad5481c;;;;;;;;;VERO;2,00;;;;
Fattura;FVI24-00129;TD01;23/08/2024;C00024;Banca Nazionale del Lavoro S.p.A.;FE - B2B;IT10282211001_A0288.xml;23/08/24 11:29:01;Validazione effettuata correttamente;;Y57L5RI;FALSO;VERO;VERO;c5c7f93d-ace6-44b3-8b56-750358f72e8c;;;;;;;;;VERO;2,00;;;;
Fattura;FVI24-00128;TD01;23/08/2024;C00024;Banca Nazionale del Lavoro S.p.A.;FE - B2B;IT10282211001_A0287.xml;23/08/24 11:18:50;Validazione effettuata correttamente;;Y57L5RI;FALSO;VERO;VERO;49ef7440-1f0b-4e6e-a6b5-a61096bbcc99;;;;;;;;;VERO;2,00;;;;
Fattura;FVI24-00127;TD01;21/08/2024;C00001;IBL Banca S.P.A.;FE - B2B;IT10282211001_A0286.xml;21/08/24 21:32:57;Validazione effettuata correttamente;;75HCYT1;FALSO;VERO;VERO;ab6f0f42-1568-45ea-8a11-dfaa5b8c9782;;;;;;;;;VERO;2,00;;;;
Fattura;FVI24-00126;TD01;21/08/2024;C00001;IBL Banca S.P.A.;FE - B2B;IT10282211001_A0285.xml;21/08/24 20:34:48;Validazione effettuata correttamente;;75HCYT1;FALSO;VERO;VERO;dd1a0cc1-2d53-4b65-98d0-fbe3abd8119e;;;;;;;;;VERO;2,00;;;;
Fattura;FVI24-00125;TD01;05/08/2024;C00027;Fucino Finance S.P.A.;FE - B2B;IT10282211001_A0284.xml;05/08/24 17:42:16;Validazione effettuata correttamente;;75HCYT1;FALSO;VERO;FALSO;24ba8b83-559a-4010-8411-ebf1486d552a;;;;;;;;;VERO;2,00;;;;
Fattura;FVI24-00124;TD01;02/08/2024;C00001;IBL Banca S.P.A.;FE - B2B;IT10282211001_A0283.xml;02/08/24 20:40:54;Validazione effettuata correttamente;;75HCYT1;FALSO;VERO;VERO;ed10c5cc-c360-4845-bd5b-eb8f5a93ddc9;;;;;;;;;VERO;2,00;;;;
Fattura;FVI24-00123;TD01;02/08/2024;C00005;Banca Sistema S.p.A.;FE - B2B;IT10282211001_A0282.xml;02/08/24 20:30:08;Validazione effettuata correttamente;;IOPVBGU;FALSO;VERO;VERO;a312ccb0-0dc5-4021-a0ef-9fd9318cbfb6;;;;;;;;;VERO;2,00;;;;
Fattura;FVI24-00122;TD01;02/08/2024;C00020;COMPASS Banca S.p.A.;FE - B2B;IT10282211001_A0281.xml;02/08/24 14:58:22;Validazione effettuata correttamente;;A4707H7;VERO;VERO;VERO;0691b802-44ca-4b09-9445-365d3803f1c5;;;;;;;;;VERO;2,00;;;;
Fattura;FVI24-00121;TD01;02/08/2024;C00004;Banca di Sconto S.p.A.;FE - B2B;IT10282211001_A0280.xml;02/08/24 09:54:29;Validazione effettuata correttamente;;75HCYT1;FALSO;VERO;VERO;1317fb40-08a6-4d48-88fa-3f1c28b4dad9;;;;;;;;;VERO;2,00;;;;
Fattura;FVI24-00120;TD01;31/07/2024;C00001;IBL Banca S.P.A.;FE - B2B;IT10282211001_A0279.xml;31/07/24 12:06:49;Validazione effettuata correttamente;;75HCYT1;FALSO;VERO;VERO;0bc82f4d-32b9-46df-9011-85cc9eed32e3;;;;;;;;;VERO;2,00;;;;
Fattura;FVI24-00119;TD01;29/07/2024;C00004;Banca di Sconto S.p.A.;FE - B2B;IT10282211001_A0278.xml;29/07/24 13:53:40;Validazione effettuata correttamente;;75HCYT1;FALSO;VERO;VERO;4fa9371d-73f9-4ba6-9004-a86464bb7e29;;;;;;;;;VERO;2,00;;;;
Fattura;FVI24-00118;TD01;22/07/2024;C00001;IBL Banca S.P.A.;FE - B2B;IT10282211001_A0277.xml;22/07/24 11:50:00;Validazione effettuata correttamente;;75HCYT1;FALSO;VERO;VERO;2097c03d-e2c7-4a6e-bb85-013ee3841c68;;;;;;;;;VERO;2,00;;;;
Fattura;FVI24-00117;TD01;18/07/2024;C00001;IBL Banca S.P.A.;FE - B2B;IT10282211001_A0276.xml;18/07/24 11:54:54;Validazione effettuata correttamente;;75HCYT1;FALSO;VERO;VERO;6b8625aa-29ab-4a31-91fb-2e19208191de;;;;;;;;;VERO;2,00;;;;
Fattura;FVI24-00116;TD01;17/07/2024;C00005;Banca Sistema S.p.A.;FE - B2B;IT10282211001_A0275.xml;17/07/24 16:01:26;Validazione effettuata correttamente;;IOPVBGU;FALSO;VERO;VERO;e178d810-d696-4e59-9d34-1c0073464f8b;;;;;;;;;VERO;2,00;;;;
Fattura;FVI24-00115;TD01;15/07/2024;C00024;Banca Nazionale del Lavoro S.p.A.;FE - B2B;IT10282211001_A0274.xml;15/07/24 16:05:16;Validazione effettuata correttamente;;Y57L5RI;FALSO;VERO;VERO;a3d860c7-0f36-4451-b2fd-b22a1de5b283;;;;;;;;;VERO;2,00;;;;
Fattura;FVI24-00114;TD01;11/07/2024;C00004;Banca di Sconto S.p.A.;FE - B2B;IT10282211001_A0273.xml;11/07/24 12:50:31;Validazione effettuata correttamente;;75HCYT1;FALSO;VERO;VERO;b5512685-217a-40d7-86d1-34da77e52431;;;;;;;;;VERO;2,00;;;;
Fattura;FVI24-00113;TD01;10/07/2024;C00001;IBL Banca S.P.A.;FE - B2B;IT10282211001_A0272.xml;10/07/24 15:34:27;Validazione effettuata correttamente;;75HCYT1;FALSO;VERO;VERO;8f87da26-a459-4dad-aea7-1932271488fc;;;;;;;;;VERO;2,00;;;;
Fattura;FVI24-00112;TD01;10/07/2024;C00027;Fucino Finance S.P.A.;FE - B2B;IT10282211001_A0271.xml;10/07/24 14:59:35;Validazione effettuata correttamente;;75HCYT1;FALSO;VERO;FALSO;cb1a3ead-3449-44e9-846f-be6650751059;;;;;;;;;VERO;2,00;;;;
Fattura;FVI24-00111;TD01;09/07/2024;C00026;Switcho S.r.l.;FE - B2B;IT10282211001_A0270.xml;09/07/24 10:38:43;Validazione effettuata correttamente;;SUBM70N;FALSO;VERO;VERO;0701bb71-e628-45ce-8506-56e7f0c932ec;;;;;;;;;VERO;2,00;;;;
Fattura;FVI24-00110;TD01;08/07/2024;C00020;COMPASS Banca S.p.A.;FE - B2B;IT10282211001_A0269.xml;08/07/24 17:03:48;Validazione effettuata correttamente;;A4707H7;VERO;VERO;VERO;94ae6ba3-5ef8-441f-9131-4b9187e2b9b5;;;;;;;;;VERO;2,00;;;;
Fattura;FVI24-00109;TD01;08/07/2024;C00006;Vivibanca S.p.A.;FE - B2B;IT10282211001_A0268.xml;08/07/24 09:38:57;Validazione effettuata correttamente;;V0T6GMI;FALSO;VERO;VERO;acea57d4-989e-42f6-a3c6-6b655c4fd1d2;;;;;;;;;VERO;2,00;;;;
Fattura;FVI24-00108;TD01;03/07/2024;C00001;IBL Banca S.P.A.;FE - B2B;IT10282211001_A0266.xml;03/07/24 12:30:39;Validazione effettuata correttamente;;75HCYT1;FALSO;VERO;VERO;0eb7f98f-9376-429a-a16f-d0a5f93558b3;;;;;;;;;VERO;2,00;;;;
Fattura;FVI24-00107;TD01;02/07/2024;C00001;IBL Banca S.P.A.;FE - B2B;IT10282211001_A0265.xml;02/07/24 13:41:02;Validazione effettuata correttamente;;75HCYT1;FALSO;VERO;VERO;0e05485c-7f3b-4f16-a0bb-29b9147c7569;;;;;;;;;VERO;2,00;;;;
Fattura;FVI24-00106;TD01;01/07/2024;C00020;COMPASS Banca S.p.A.;FE - B2B;IT10282211001_A0264.xml;01/07/24 16:27:40;Validazione effettuata correttamente;;A4707H7;VERO;VERO;VERO;40496f84-3c3f-4428-abd3-d17ac3183b42;;;;;;;;;VERO;2,00;;;;
Fattura;FVI24-00105;TD01;01/07/2024;C00004;Banca di Sconto S.p.A.;FE - B2B;IT10282211001_A0263.xml;01/07/24 15:46:55;Validazione effettuata correttamente;;75HCYT1;FALSO;VERO;VERO;63fe0a85-0bb8-44d8-96b3-d34224ecacdb;;;;;;;;;VERO;2,00;;;;
Fattura;FVI24-00104;TD01;28/06/2024;C00033;Balducci Maria;FE - B2C;IT10282211001_A0262.xml;28/06/24 18:26:59;Validazione effettuata correttamente;;0000000;FALSO;FALSO;VERO;ddc01e61-22e3-4235-a5e7-eb4dc382cd6f;;;;;;;;;VERO;2,00;;;;
Fattura;FVI24-00103;TD01;28/06/2024;C00032;Vailati Alberto;FE - B2C;IT10282211001_A0261.xml;28/06/24 18:26:56;Validazione effettuata correttamente;;0000000;FALSO;FALSO;VERO;29f0b95c-dc3a-485c-bba0-9283aaa1e4e2;;;;;;;;;VERO;2,00;;;;
Fattura;FVI24-00102;TD01;25/06/2024;C00004;Banca di Sconto S.p.A.;FE - B2B;IT10282211001_A0260.xml;25/06/24 09:56:46;Validazione effettuata correttamente;;75HCYT1;FALSO;VERO;VERO;fcc4e5eb-9cbb-4480-91cc-47697f2cfce6;;;;;;;;;VERO;2,00;;;;
Fattura;FVI24-00101;TD01;24/06/2024;C00024;Banca Nazionale del Lavoro S.p.A.;FE - B2B;IT10282211001_A0259.xml;24/06/24 15:02:39;Validazione effettuata correttamente;;Y57L5RI;FALSO;VERO;VERO;da4bd193-9502-4134-8abd-754bdbc215b6;;;;;;;;;VERO;2,00;;;;
Fattura;FVI24-00100;TD01;19/06/2024;C00006;Vivibanca S.p.A.;FE - B2B;IT10282211001_A0258.xml;19/06/24 11:30:04;Validazione effettuata correttamente;;V0T6GMI;FALSO;VERO;VERO;16879ea3-8d79-43f4-bae5-d6bc6496e570;;;;;;;;;VERO;2,00;;;;
Fattura;FVI24-00099;TD01;19/06/2024;C00001;IBL Banca S.P.A.;FE - B2B;IT10282211001_A0257.xml;19/06/24 11:24:04;Validazione effettuata correttamente;;75HCYT1;FALSO;VERO;VERO;39adb9db-1233-4085-b3a1-587595cea0f3;;;;;;;;;VERO;2,00;;;;
Fattura;FVI24-00098;TD01;14/06/2024;C00031;YOUNITED;FE - B2B;IT10282211001_A0256.xml;14/06/24 17:57:55;Validazione effettuata correttamente;;M5UXCR1;FALSO;VERO;VERO;ab25d26d-0c35-4d28-8c1a-c787668b0bd2;;;;;;;;;VERO;2,00;;;;
Fattura;FVI24-00097;TD01;14/06/2024;C00004;Banca di Sconto S.p.A.;FE - B2B;IT10282211001_A0255.xml;14/06/24 17:22:03;Validazione effettuata correttamente;;75HCYT1;FALSO;VERO;VERO;260ef2e3-a6d4-4167-a1ba-5cbedaff2e61;;;;;;;;;VERO;2,00;;;;
Fattura;FVI24-00096;TD01;14/06/2024;C00001;IBL Banca S.P.A.;FE - B2B;IT10282211001_A0254.xml;14/06/24 17:10:40;Validazione effettuata correttamente;;75HCYT1;FALSO;VERO;VERO;31978bc8-d101-44e3-be1f-31ea44523724;;;;;;;;;VERO;2,00;;;;
Fattura;FVI24-00095;TD01;10/06/2024;C00005;Banca Sistema S.p.A.;FE - B2B;IT10282211001_A0253.xml;10/06/24 18:35:05;Validazione effettuata correttamente;;IOPVBGU;FALSO;VERO;VERO;087cf4e6-3ac5-4737-8a8e-f1858b85d081;;;;;;;;;FALSO;0,00;;;;
Fattura;FVI24-00094;TD01;10/06/2024;C00019;Agos Ducato S.p.A.;FE - B2B;IT10282211001_A0252.xml;10/06/24 17:19:41;Validazione effettuata correttamente;;2OH2JHA;FALSO;VERO;VERO;2f767582-ed46-4d3e-93a8-25635fa994ac;;;;;;;;;VERO;2,00;;;;
Fattura;FVI24-00093;TD01;07/06/2024;C00027;Fucino Finance S.P.A.;FE - B2B;IT10282211001_A0251.xml;07/06/24 10:40:50;Validazione effettuata correttamente;;75HCYT1;FALSO;VERO;FALSO;85cfc140-890d-486c-8f64-90b107a2105e;;;;;;;;;VERO;2,00;;;;
Fattura;FVI24-00092;TD01;06/06/2024;C00020;COMPASS Banca S.p.A.;FE - B2B;IT10282211001_A0250.xml;06/06/24 12:43:23;Validazione effettuata correttamente;;A4707H7;VERO;VERO;VERO;2216bf8a-de51-40d6-8b14-3abeb873cd2b;;;;;;;;;VERO;2,00;;;;
Fattura;FVI24-00091;TD01;05/06/2024;C00001;IBL Banca S.P.A.;FE - B2B;IT10282211001_A0249.xml;05/06/24 13:20:59;Validazione effettuata correttamente;;75HCYT1;FALSO;VERO;VERO;7f86376e-b478-46dd-8de1-90987ceda67d;;;;;;;;;VERO;2,00;;;;
Fattura;FVI24-00090;TD01;04/06/2024;C00004;Banca di Sconto S.p.A.;FE - B2B;IT10282211001_A0248.xml;04/06/24 14:54:34;Validazione effettuata correttamente;;75HCYT1;FALSO;VERO;VERO;daba2566-19f1-4d23-b455-a0e151f89f5e;;;;;;;;;VERO;2,00;;;;
Fattura;FVI24-00089;TD01;04/06/2024;C00001;IBL Banca S.P.A.;FE - B2B;IT10282211001_A0247.xml;04/06/24 13:40:42;Validazione effettuata correttamente;;75HCYT1;FALSO;VERO;VERO;d5fc55c1-4365-4241-b982-e96f1f02892c;;;;;;;;;VERO;2,00;;;;
Fattura;FVI24-00088;TD01;04/06/2024;C00021;Iside Broker Insurance S.R.L.;FE - B2B;IT10282211001_A0246.xml;04/06/24 13:16:33;Validazione effettuata correttamente;;SZLUBAI;FALSO;VERO;VERO;d5af3648-1bd9-4ab0-9192-a1bda00ea2e6;;;;;;;;;VERO;2,00;;;;
Fattura;FVI24-00087;TD01;04/06/2024;C00030;Fincontinuo S.p.A.;FE - B2B;IT10282211001_A0245.xml;04/06/24 11:48:56;Validazione effettuata correttamente;;M5UXCR1;FALSO;VERO;VERO;6cd792d8-7877-4a96-8b73-ef9168cc646a;;;;;;;;;VERO;2,00;;;;
Fattura;FVI24-00086;TD01;03/06/2024;C00018;BNT BANCA S.p.A.;FE - B2B;IT10282211001_A0244.xml;03/06/24 18:00:05;Validazione effettuata correttamente;;SUBM70N;VERO;VERO;VERO;656a883a-a335-4e27-9c3b-40fb9fdf3567;;;;;;;;;VERO;2,00;;;;
Fattura;FVI24-00085;TD01;31/05/2024;C00004;Banca di Sconto S.p.A.;FE - B2B;IT10282211001_A0243.xml;03/06/24 11:29:53;Validazione effettuata correttamente;;75HCYT1;FALSO;VERO;VERO;66e64d55-8cf8-466a-9538-bf313eeb8e36;;;;;;;;;VERO;2,00;;;;
Fattura;FVI24-00084;TD01;30/05/2024;C00026;Switcho S.r.l.;FE - B2B;IT10282211001_A0242.xml;31/05/24 13:25:44;Validazione effettuata correttamente;;SUBM70N;FALSO;VERO;VERO;3afa1b6d-57aa-449b-bdec-a2f66258c411;;;;;;;;;VERO;2,00;;;;
Fattura;FVI24-00083;TD01;29/05/2024;C00029;De Marco Nicola;FE - B2C;IT10282211001_A0240.xml;29/05/24 12:41:00;Validazione effettuata correttamente;;0000000;FALSO;FALSO;VERO;280ca679-1ae9-423b-b7c3-c95502ec4bff;;;;;;;;;VERO;2,00;;;;
Fattura;FVI24-00082;TD01;29/05/2024;C00028;Emanuella Liso;FE - B2C;IT10282211001_A0239.xml;29/05/24 12:40:58;Validazione effettuata correttamente;;0000000;FALSO;FALSO;VERO;9393670a-4c1c-4b79-b400-e5792f596e59;;;;;;;;;VERO;2,00;;;;
Fattura;FVI24-00081;TD01;28/05/2024;C00001;IBL Banca S.P.A.;FE - B2B;IT10282211001_A0238.xml;28/05/24 17:55:51;Validazione effettuata correttamente;;75HCYT1;FALSO;VERO;VERO;029e2960-ebee-4128-a719-311510cef9de;;;;;;;;;VERO;2,00;;;;
Fattura;FVI24-00080;TD01;22/05/2024;C00001;IBL Banca S.P.A.;FE - B2B;IT10282211001_A0237.xml;22/05/24 17:29:53;Validazione effettuata correttamente;;75HCYT1;FALSO;VERO;VERO;adb5214d-f011-4c0d-99ca-554185067f7f;;;;;;;;;VERO;2,00;;;;
Fattura;FVI24-00079;TD01;21/05/2024;C00007;Banca Aidexa S.p.A.;FE - B2B;IT10282211001_A0236.xml;21/05/24 11:08:26;Validazione effettuata correttamente;;SUBM70N;FALSO;VERO;VERO;c0379401-0286-46e0-a65b-3dd27656444d;;;;;;;;;VERO;2,00;;;;
Fattura;FVI24-00078;TD01;17/05/2024;C00004;Banca di Sconto S.p.A.;FE - B2B;IT10282211001_A0235.xml;17/05/24 15:03:49;Validazione effettuata correttamente;;75HCYT1;FALSO;VERO;VERO;ecc55417-1029-450b-810d-76675c0e08fa;;;;;;;;;VERO;2,00;;;;
Fattura;FVI24-00077;TD01;17/05/2024;C00001;IBL Banca S.P.A.;FE - B2B;IT10282211001_A0234.xml;17/05/24 14:51:05;Validazione effettuata correttamente;;75HCYT1;FALSO;VERO;VERO;7d8f51ea-69b4-4100-938a-1b676de794a9;;;;;;;;;VERO;2,00;;;;
Fattura;FVI24-00076;TD01;17/05/2024;C00005;Banca Sistema S.p.A.;FE - B2B;IT10282211001_A0233.xml;17/05/24 13:26:24;Validazione effettuata correttamente;;IOPVBGU;FALSO;VERO;VERO;833524fa-83e9-454c-a25d-f35d076d5cfe;;;;;;;;;VERO;2,00;;;;
Fattura;FVI24-00075;TD01;09/05/2024;C00019;Agos Ducato S.p.A.;FE - B2B;IT10282211001_A0232.xml;09/05/24 16:45:18;Validazione effettuata correttamente;;2OH2JHA;FALSO;VERO;VERO;57fd8390-5b69-4a08-9d47-71daf40b7fdb;;;;;;;;;VERO;2,00;;;;
Fattura;FVI24-00074;TD01;07/05/2024;C00004;Banca di Sconto S.p.A.;FE - B2B;IT10282211001_A0231.xml;07/05/24 18:12:39;Validazione effettuata correttamente;;75HCYT1;FALSO;VERO;VERO;b4cf6ae6-9232-4ef4-a961-90a7a4fd1224;;;;;;;;;VERO;2,00;;;;
Fattura;FVI24-00073;TD01;07/05/2024;C00027;Fucino Finance S.P.A.;FE - B2B;IT10282211001_A0230.xml;07/05/24 17:55:42;Validazione effettuata correttamente;;75HCYT1;FALSO;VERO;FALSO;cc1e2651-6b5e-4073-b77a-b38211f7f209;;;;;;;;;VERO;2,00;;;;
Fattura;FVI24-00072;TD01;06/05/2024;C00001;IBL Banca S.P.A.;FE - B2B;IT10282211001_A0229.xml;06/05/24 12:17:29;Validazione effettuata correttamente;;75HCYT1;FALSO;VERO;VERO;353618f7-394d-4dca-9007-976b4235cc70;;;;;;;;;VERO;2,00;;;;
Fattura;FVI24-00071;TD01;03/05/2024;C00001;IBL Banca S.P.A.;FE - B2B;IT10282211001_A0228.xml;03/05/24 17:46:51;Validazione effettuata correttamente;;75HCYT1;FALSO;VERO;VERO;a4048acc-7354-4eb9-9ee7-506fb6a7d8c6;;;;;;;;;VERO;2,00;;;;
Fattura;FVI24-00070;TD01;03/05/2024;C00026;Switcho S.r.l.;FE - B2B;IT10282211001_A0227.xml;03/05/24 16:53:03;Validazione effettuata correttamente;;SUBM70N;FALSO;VERO;VERO;429d1a8b-aa4c-45b4-a837-f281caf2a174;;;;;;;;;VERO;2,00;;;;
Fattura;FVI24-00069;TD01;02/05/2024;C00004;Banca di Sconto S.p.A.;FE - B2B;IT10282211001_A0226.xml;02/05/24 17:55:33;Validazione effettuata correttamente;;75HCYT1;FALSO;VERO;VERO;b72025ed-65a9-4e1d-b29c-dc8c71fb178a;;;;;;;;;VERO;2,00;;;;
Fattura;FVI24-00068;TD01;02/05/2024;C00018;BNT BANCA S.p.A.;FE - B2B;IT10282211001_A0225.xml;02/05/24 16:03:55;Validazione effettuata correttamente;;SUBM70N;VERO;VERO;VERO;3cc290c2-35e8-4354-9514-f7aeda7db99d;;;;;;;;;VERO;2,00;;;;
Fattura;FVI24-00067;TD01;02/05/2024;C00020;COMPASS Banca S.p.A.;FE - B2B;IT10282211001_A0224.xml;02/05/24 15:37:50;Validazione effettuata correttamente;;A4707H7;VERO;VERO;VERO;885d7efa-5939-4d11-bda2-3d7cd8394586;;;;;;;;;VERO;2,00;;;;
Fattura;FVI24-00066;TD01;30/04/2024;C00025;Subrizio Grazia;FE - B2C;IT10282211001_A0223.xml;30/04/24 13:38:20;Validazione effettuata correttamente;;0000000;FALSO;FALSO;VERO;a6a622ca-9c33-4f8b-8fc8-97da5507e0f5;;;;;;;;;VERO;2,00;;;;
Fattura;FVI24-00065;TD01;29/04/2024;C00001;IBL Banca S.P.A.;FE - B2B;IT10282211001_A0222.xml;29/04/24 16:48:30;Validazione effettuata correttamente;;75HCYT1;FALSO;VERO;VERO;dca3e574-a38e-43e3-bda7-d8fd97ce073b;;;;;;;;;VERO;2,00;;;;
Fattura;FVI24-00064;TD01;22/04/2024;C00001;IBL Banca S.P.A.;FE - B2B;IT10282211001_A0220.xml;22/04/24 17:59:31;Validazione effettuata correttamente;;75HCYT1;FALSO;VERO;VERO;4e604082-58b8-4f03-bad8-d24359049512;;;;;;;;;VERO;2,00;;;;
Fattura;FVI24-00063;TD01;19/04/2024;C00024;Banca Nazionale del Lavoro S.p.A.;FE - B2B;IT10282211001_A0219.xml;19/04/24 16:56:26;Validazione effettuata correttamente;;Y57L5RI;FALSO;VERO;VERO;70cc3a31-9cd9-4f5a-a2c2-9a5fb83d42de;;;;;;;;;VERO;2,00;;;;
Fattura;FVI24-00062;TD01;19/04/2024;C00024;Banca Nazionale del Lavoro S.p.A.;FE - B2B;IT10282211001_A0218.xml;19/04/24 16:56:23;Validazione effettuata correttamente;;Y57L5RI;FALSO;VERO;VERO;e263cc3c-2766-498e-99c0-707cfb453bcd;;;;;;;;;VERO;2,00;;;;
Fattura;FVI24-00061;TD01;19/04/2024;C00004;Banca di Sconto S.p.A.;FE - B2B;IT10282211001_A0217.xml;19/04/24 16:31:58;Validazione effettuata correttamente;;75HCYT1;FALSO;VERO;VERO;2738cf82-fdf3-412b-802a-04509d1cd4ab;;;;;;;;;VERO;2,00;;;;
Fattura;FVI24-00060;TD01;18/04/2024;C00007;Banca Aidexa S.p.A.;FE - B2B;IT10282211001_A0216.xml;18/04/24 11:45:06;Validazione effettuata correttamente;;SUBM70N;FALSO;VERO;VERO;2d388ba5-f435-479d-b4c2-e899ab923363;;;;;;;;;VERO;2,00;;;;
Fattura;FVI24-00059;TD01;09/04/2024;C00001;IBL Banca S.P.A.;FE - B2B;IT10282211001_A0215.xml;09/04/24 12:58:06;Validazione effettuata correttamente;;75HCYT1;FALSO;VERO;VERO;27629f1c-e0d8-4b63-a2eb-c25a71465fc1;;;;;;;;;VERO;2,00;;;;
Fattura;FVI24-00058;TD01;09/04/2024;C00019;Agos Ducato S.p.A.;FE - B2B;IT10282211001_A0214.xml;09/04/24 12:58:04;Validazione effettuata correttamente;;2OH2JHA;FALSO;VERO;VERO;ca40edf2-0aaf-4a9e-9e38-9dab6e4fd236;;;;;;;;;VERO;2,00;;;;
Fattura;FVI24-00057;TD01;09/04/2024;C00004;Banca di Sconto S.p.A.;FE - B2B;IT10282211001_A0213.xml;09/04/24 09:50:04;Validazione effettuata correttamente;;75HCYT1;FALSO;VERO;VERO;a44c44d2-c502-4fac-af88-c2f43d77fff5;;;;;;;;;VERO;2,00;;;;
Fattura;FVI24-00056;TD01;08/04/2024;C00001;IBL Banca S.P.A.;FE - B2B;IT10282211001_A0212.xml;08/04/24 16:14:11;Validazione effettuata correttamente;;75HCYT1;FALSO;VERO;VERO;9edc3029-3fc2-4a76-a455-66b64e034f68;;;;;;;;;VERO;2,00;;;;
Fattura;FVI24-00055;TD01;05/04/2024;C00020;COMPASS Banca S.p.A.;FE - B2B;IT10282211001_A0211.xml;05/04/24 16:35:11;Validazione effettuata correttamente;;A4707H7;VERO;VERO;VERO;306cd27d-ef9c-4feb-87cc-9469fc2695aa;;;;;;;;;VERO;2,00;;;;
Fattura;FVI24-00054;TD01;05/04/2024;C00001;IBL Banca S.P.A.;FE - B2B;IT10282211001_A0210.xml;05/04/24 14:54:29;Validazione effettuata correttamente;;75HCYT1;FALSO;VERO;VERO;6aa50f4a-9183-483c-b5d3-9dba4745d20c;;;;;;;;;VERO;2,00;;;;
Fattura;FVI24-00053;TD01;04/04/2024;C00005;Banca Sistema S.p.A.;FE - B2B;IT10282211001_A0209.xml;04/04/24 11:38:56;Validazione effettuata correttamente;;IOPVBGU;FALSO;VERO;VERO;a84ee9cf-3bb2-44e5-bde3-78abd1c73a51;;;;;;;;;FALSO;0,00;;;;
Fattura;FVI24-00052;TD01;04/04/2024;C00021;Iside Broker Insurance S.R.L.;FE - B2B;IT10282211001_A0208.xml;04/04/24 11:19:57;Validazione effettuata correttamente;;SZLUBAI;FALSO;VERO;VERO;45f785da-52b1-448d-af3a-ef98998bbcb8;;;;;;;;;VERO;2,00;;;;
Fattura;FVI24-00051;TD01;02/04/2024;C00004;Banca di Sconto S.p.A.;FE - B2B;IT10282211001_A0207.xml;02/04/24 17:52:24;Validazione effettuata correttamente;;75HCYT1;FALSO;VERO;VERO;4d41c0d0-c45f-4926-9d7d-5a44fbb55837;;;;;;;;;VERO;2,00;;;;
Fattura;FVI24-00050;TD01;02/04/2024;C00004;Banca di Sconto S.p.A.;FE - B2B;IT10282211001_A0206.xml;02/04/24 17:52:22;Validazione effettuata correttamente;;75HCYT1;FALSO;VERO;VERO;46863439-1971-47d0-a3d8-0fd09141dea6;;;;;;;;;VERO;2,00;;;;
Fattura;FVI24-00049;TD01;02/04/2024;C00018;BNT BANCA S.p.A.;FE - B2B;IT10282211001_A0205.xml;02/04/24 17:52:19;Validazione effettuata correttamente;;SUBM70N;VERO;VERO;VERO;b3f75558-d835-4481-95f4-e22a20f14a86;;;;;;;;;VERO;2,00;;;;
Fattura;FVI24-00048;TD01;02/04/2024;C00020;COMPASS Banca S.p.A.;FE - B2B;IT10282211001_A0204.xml;02/04/24 17:52:16;Validazione effettuata correttamente;;A4707H7;VERO;VERO;VERO;cd1075ab-4cd8-4fce-be73-8b12505a61d9;;;;;;;;;VERO;2,00;;;;
Fattura;FVI24-00047;TD01;26/03/2024;C00004;Banca di Sconto S.p.A.;FE - B2B;IT10282211001_A0203.xml;26/03/24 16:35:47;Validazione effettuata correttamente;;75HCYT1;FALSO;VERO;VERO;1c308650-a6df-4b45-ab0d-d87800db989e;;;;;;;;;VERO;2,00;;;;
Fattura;FVI24-00046;TD01;26/03/2024;C00001;IBL Banca S.P.A.;FE - B2B;IT10282211001_A0202.xml;26/03/24 15:53:41;Validazione effettuata correttamente;;75HCYT1;FALSO;VERO;VERO;51b19ffb-9c72-45ac-846d-22a4567e2fc6;;;;;;;;;VERO;2,00;;;;
Fattura;FVI24-00045;TD01;19/03/2024;C00001;IBL Banca S.P.A.;FE - B2B;IT10282211001_A0201.xml;19/03/24 15:53:03;Validazione effettuata correttamente;;75HCYT1;FALSO;VERO;VERO;5135a5c1-e4a3-4923-83ba-33c2cd36108d;;;;;;;;;VERO;2,00;;;;
Fattura;FVI24-00044;TD01;19/03/2024;C00005;Banca Sistema S.p.A.;FE - B2B;IT10282211001_A0200.xml;19/03/24 15:03:34;Validazione effettuata correttamente;;IOPVBGU;FALSO;VERO;VERO;1e76f723-68e5-4620-aad2-368fcdef14a1;;;;;;;;;VERO;2,00;;;;
Fattura;FVI24-00043;TD01;13/03/2024;C00004;Banca di Sconto S.p.A.;FE - B2B;IT10282211001_A0199.xml;13/03/24 17:33:18;Validazione effettuata correttamente;;75HCYT1;FALSO;VERO;VERO;1c085d9b-3953-480a-936d-d979ef66bf0a;;;;;;;;;VERO;2,00;;;;
Fattura;FVI24-00042;TD01;11/03/2024;C00006;Vivibanca S.p.A.;FE - B2B;IT10282211001_A0198.xml;11/03/24 11:14:40;Validazione effettuata correttamente;;V0T6GMI;FALSO;VERO;VERO;566befdd-2d55-4779-b5a0-ce67f0d6b9e5;;;;;;;;;VERO;2,00;;;;
Fattura;FVI24-00041;TD01;11/03/2024;C00001;IBL Banca S.P.A.;FE - B2B;IT10282211001_A0197.xml;11/03/24 10:12:00;Validazione effettuata correttamente;;75HCYT1;FALSO;VERO;VERO;a8f493c7-2a2d-4680-b770-447f1530fee4;;;;;;;;;VERO;2,00;;;;
Fattura;FVI24-00040;TD01;11/03/2024;C00001;IBL Banca S.P.A.;FE - B2B;IT10282211001_A0196.xml;11/03/24 10:11:57;Validazione effettuata correttamente;;75HCYT1;FALSO;VERO;VERO;4576e307-bc69-48c5-b943-81cc99aed382;;;;;;;;;VERO;2,00;;;;
Fattura;FVI24-00039;TD01;06/03/2024;C00019;Agos Ducato S.p.A.;FE - B2B;IT10282211001_A0195.xml;06/03/24 18:41:00;Validazione effettuata correttamente;;2OH2JHA;FALSO;VERO;VERO;9bb04bac-bb53-4f57-9c59-f9decf6478e5;;;;;;;;;VERO;2,00;;;;
Fattura;FVI24-00038;TD01;05/03/2024;C00003;Banca Progetto S.p.A.;FE - B2B;IT10282211001_A0194.xml;05/03/24 16:05:28;Validazione effettuata correttamente;;75HCYT1;FALSO;VERO;VERO;d37febaf-daee-411e-85fb-9a6ddb2f177a;;;;;;;;;VERO;2,00;;;;
Fattura;FVI24-00037;TD01;05/03/2024;C00005;Banca Sistema S.p.A.;FE - B2B;IT10282211001_A0193.xml;05/03/24 16:05:24;Validazione effettuata correttamente;;IOPVBGU;FALSO;VERO;VERO;8f7a4000-7aa7-4e61-82ab-78cc685da0d5;;;;;;;;;VERO;2,00;;;;
Fattura;FVI24-00036;TD01;04/03/2024;C00001;IBL Banca S.P.A.;FE - B2B;IT10282211001_A0192.xml;04/03/24 19:08:35;Validazione effettuata correttamente;;75HCYT1;FALSO;VERO;VERO;62eb59d7-1c65-49af-8104-7747824e4021;;;;;;;;;VERO;2,00;;;;
Fattura;FVI24-00035;TD01;04/03/2024;C00006;Vivibanca S.p.A.;FE - B2B;IT10282211001_A0191.xml;04/03/24 18:59:05;Validazione effettuata correttamente;;V0T6GMI;FALSO;VERO;VERO;e44d27fd-386b-48ca-a4f6-2cf859d724f3;;;;;;;;;VERO;2,00;;;;
Fattura;FVI24-00034;TD01;01/03/2024;C00018;BNT BANCA S.p.A.;FE - B2B;IT10282211001_A0190.xml;01/03/24 19:31:36;Validazione effettuata correttamente;;SUBM70N;VERO;VERO;VERO;6bf58a40-1e63-464d-af01-093c106979b2;;;;;;;;;VERO;2,00;;;;
Fattura;FVI24-00033;TD01;01/03/2024;C00004;Banca di Sconto S.p.A.;FE - B2B;IT10282211001_A0189.xml;01/03/24 11:28:40;Validazione effettuata correttamente;;75HCYT1;FALSO;VERO;VERO;8a192b24-d361-470a-b584-cc2e88f07e83;;;;;;;;;VERO;2,00;;;;
Fattura;FVI24-00032;TD01;01/03/2024;C00004;Banca di Sconto S.p.A.;FE - B2B;IT10282211001_A0188.xml;01/03/24 11:28:35;Validazione effettuata correttamente;;75HCYT1;FALSO;VERO;VERO;ce3e8d94-0f7a-4a20-922a-82b7d41d83b9;;;;;;;;;VERO;2,00;;;;
Fattura;FVI24-00031;TD01;29/02/2024;C00005;Banca Sistema S.p.A.;FE - B2B;IT10282211001_A0187.xml;29/02/24 14:48:27;Validazione effettuata correttamente;;IOPVBGU;FALSO;VERO;VERO;2a9347cf-aedf-4354-b59a-d78ea226af4c;;;;;;;;;FALSO;0,00;;;;
Fattura;FVI24-00030;TD01;27/02/2024;C00001;IBL Banca S.P.A.;FE - B2B;IT10282211001_A0186.xml;27/02/24 16:04:22;Validazione effettuata correttamente;;75HCYT1;FALSO;VERO;VERO;69346e3a-cc0a-4396-aea0-ec0b8b38754b;;;;;;;;;VERO;2,00;;;;
Fattura;FVI24-00029;TD01;20/02/2024;C00004;Banca di Sconto S.p.A.;FE - B2B;IT10282211001_A0185.xml;20/02/24 16:34:27;Validazione effettuata correttamente;;75HCYT1;FALSO;VERO;VERO;7b317606-b2d2-4cc2-932f-000aff8a0868;;;;;;;;;VERO;2,00;;;;
Fattura;FVI24-00028;TD01;20/02/2024;C00001;IBL Banca S.P.A.;FE - B2B;IT10282211001_A0184.xml;20/02/24 16:34:24;Validazione effettuata correttamente;;75HCYT1;FALSO;VERO;VERO;7eb2fa2b-1d27-4648-a3dd-6689dea196d4;;;;;;;;;VERO;2,00;;;;
Fattura;FVI24-00027;TD01;19/02/2024;C00020;COMPASS Banca S.p.A.;FE - B2B;IT10282211001_A0183.xml;19/02/24 15:41:27;Validazione effettuata correttamente;;A4707H7;VERO;VERO;VERO;5df68ae5-ab7d-4a3b-94a9-ecbb2fceabe4;;;;;;;;;VERO;2,00;;;;
Fattura;FVI24-00026;TD01;12/02/2024;C00004;Banca di Sconto S.p.A.;FE - B2B;IT10282211001_A0182.xml;12/02/24 18:18:54;Validazione effettuata correttamente;;75HCYT1;FALSO;VERO;VERO;94c4388d-bb50-4f94-a967-e004ceee7130;;;;;;;;;VERO;2,00;;;;
Fattura;FVI24-00025;TD01;12/02/2024;C00001;IBL Banca S.P.A.;FE - B2B;IT10282211001_A0181.xml;12/02/24 18:18:48;Validazione effettuata correttamente;;75HCYT1;FALSO;VERO;VERO;488e407b-d50e-490c-bc5d-f327db9e2fad;;;;;;;;;VERO;2,00;;;;
Fattura;FVI24-00024;TD01;09/02/2024;C00019;Agos Ducato S.p.A.;FE - B2B;IT10282211001_A0180.xml;09/02/24 18:33:29;Validazione effettuata correttamente;;2OH2JHA;FALSO;VERO;VERO;d389bc71-7a56-462d-9dab-1eca5b61a5a4;;;;;;;;;VERO;2,00;;;;
Fattura;FVI24-00023;TD01;08/02/2024;C00003;Banca Progetto S.p.A.;FE - B2B;IT10282211001_A0179.xml;08/02/24 13:38:31;Validazione effettuata correttamente;;75HCYT1;FALSO;VERO;VERO;8bd6bc00-cf40-40d6-85e6-ebd985920b7d;;;;;;;;;VERO;2,00;;;;
Fattura;FVI24-00022;TD01;07/02/2024;C00001;IBL Banca S.P.A.;FE - B2B;IT10282211001_A0178.xml;07/02/24 13:41:39;Validazione effettuata correttamente;;75HCYT1;FALSO;VERO;VERO;c0dc7e99-381e-4145-992b-79627230e8d0;;;;;;;;;VERO;2,00;;;;
Fattura;FVI24-00021;TD01;07/02/2024;C00001;IBL Banca S.P.A.;FE - B2B;IT10282211001_A0177.xml;07/02/24 13:41:37;Validazione effettuata correttamente;;75HCYT1;FALSO;VERO;VERO;8da6a5ba-7f6f-499a-b236-8c5e909a8348;;;;;;;;;VERO;2,00;;;;
Fattura;FVI24-00020;TD01;02/02/2024;C00018;BNT BANCA S.p.A.;FE - B2B;IT10282211001_A0176.xml;02/02/24 13:04:17;Validazione effettuata correttamente;;SUBM70N;VERO;VERO;VERO;b93ab96d-a51b-4c4c-a5d2-f29a3dc24c57;;;;;;;;;VERO;2,00;;;;
Fattura;FVI24-00019;TD01;01/02/2024;C00004;Banca di Sconto S.p.A.;FE - B2B;IT10282211001_A0175.xml;01/02/24 13:35:46;Validazione effettuata correttamente;;75HCYT1;FALSO;VERO;VERO;8eee3dbb-6841-4496-b230-daf97a2f450d;;;;;;;;;VERO;2,00;;;;
Fattura;FVI24-00018;TD01;01/02/2024;C00004;Banca di Sconto S.p.A.;FE - B2B;IT10282211001_A0174.xml;01/02/24 13:35:48;Validazione effettuata correttamente;;75HCYT1;FALSO;VERO;VERO;f4910b80-aebd-4b84-9a9d-6486d5a27876;;;;;;;;;VERO;2,00;;;;
Fattura;FVI24-00017;TD01;01/02/2024;C00001;IBL Banca S.P.A.;FE - B2B;IT10282211001_A0173.xml;01/02/24 13:14:40;Validazione effettuata correttamente;;75HCYT1;FALSO;VERO;VERO;1c16d8d9-7b42-4ac3-a53c-1d9bde62bb63;;;;;;;;;VERO;2,00;;;;
Fattura;FVI24-00016;TD01;30/01/2024;C00023;Tesse Salvatore;FE - B2C;IT10282211001_A0172.xml;30/01/24 18:08:35;Validazione effettuata correttamente;;0000000;FALSO;FALSO;VERO;e5a65db4-d7cd-4ad0-9ba3-999a4ee29aa5;;;;;;;;;VERO;2,00;;;;
Fattura;FVI24-00015;TD01;22/01/2024;C00020;COMPASS Banca S.p.A.;FE - B2B;IT10282211001_A0171.xml;22/01/24 14:53:54;Validazione effettuata correttamente;;A4707H7;VERO;VERO;VERO;ff94a4b2-309f-438c-a0d0-bced14b57cc0;;;;;;;;;VERO;2,00;;;;
Fattura;FVI24-00014;TD01;18/01/2024;C00007;Banca Aidexa S.p.A.;FE - B2B;IT10282211001_A0170.xml;18/01/24 10:17:07;Validazione effettuata correttamente;;SUBM70N;FALSO;VERO;VERO;fe662ed2-8378-4005-90b4-0ef33f82f113;;;;;;;;;VERO;2,00;;;;
Fattura;FVI24-00013;TD01;17/01/2024;C00005;Banca Sistema S.p.A.;FE - B2B;IT10282211001_A0169.xml;17/01/24 13:42:00;Validazione effettuata correttamente;;IOPVBGU;FALSO;VERO;VERO;cf17ccd6-728a-4b0c-b7cf-997925955af4;;;;;;;;;VERO;2,00;;;;
Fattura;FVI24-00012;TD01;17/01/2024;C00001;IBL Banca S.P.A.;FE - B2B;IT10282211001_A0168.xml;17/01/24 12:36:11;Validazione effettuata correttamente;;75HCYT1;FALSO;VERO;VERO;3ed09411-affa-4a06-9764-0b68b4e9dfa1;;;;;;;;;VERO;2,00;;;;
Fattura;FVI24-00011;TD01;17/01/2024;C00004;Banca di Sconto S.p.A.;FE - B2B;IT10282211001_A0167.xml;17/01/24 12:36:07;Validazione effettuata correttamente;;75HCYT1;FALSO;VERO;VERO;1d6bae0e-8b75-4728-8f60-bcf77bde8335;;;;;;;;;VERO;2,00;;;;
Fattura;FVI24-00010;TD01;09/01/2024;C00001;IBL Banca S.P.A.;FE - B2B;IT10282211001_A0166.xml;09/01/24 13:34:45;Validazione effettuata correttamente;;75HCYT1;FALSO;VERO;VERO;36593811-79ad-4648-92fa-9f644d12bf19;;;;;;;;;VERO;2,00;;;;
Fattura;FVI24-00009;TD01;09/01/2024;C00006;Vivibanca S.p.A.;FE - B2B;IT10282211001_A0165.xml;09/01/24 13:34:30;Validazione effettuata correttamente;;V0T6GMI;FALSO;VERO;VERO;2da70bb9-c87d-4b77-97e1-c3641359b9f9;;;;;;;;;VERO;2,00;;;;
Fattura;FVI24-00008;TD01;09/01/2024;C00001;IBL Banca S.P.A.;FE - B2B;IT10282211001_A0164.xml;09/01/24 13:34:27;Validazione effettuata correttamente;;75HCYT1;FALSO;VERO;VERO;c55c84b3-e748-4af4-8e55-ee3dd4044314;;;;;;;;;VERO;2,00;;;;
Fattura;FVI24-00007;TD01;05/01/2024;C00003;Banca Progetto S.p.A.;FE - B2B;IT10282211001_A0163.xml;05/01/24 12:04:13;Validazione effettuata correttamente;;75HCYT1;FALSO;VERO;VERO;622ee7ac-8be4-481f-8535-fcfaab04799a;;;;;;;;;VERO;2,00;;;;
Fattura;FVI24-00006;TD01;03/01/2024;C00006;Vivibanca S.p.A.;FE - B2B;IT10282211001_A0162.xml;03/01/24 18:13:04;Validazione effettuata correttamente;;V0T6GMI;FALSO;VERO;VERO;7c5adc9f-ea6d-4697-bca6-e5eb44b81c8f;;;;;;;;;VERO;2,00;;;;
Fattura;FVI24-00005;TD01;03/01/2024;C00004;Banca di Sconto S.p.A.;FE - B2B;IT10282211001_A0161.xml;03/01/24 12:01:04;Validazione effettuata correttamente;;75HCYT1;FALSO;VERO;VERO;81d1132e-3899-46d2-b395-a0f7799673b5;;;;;;;;;VERO;2,00;;;;
Fattura;FVI24-00004;TD01;02/01/2024;C00020;COMPASS Banca S.p.A.;FE - B2B;IT10282211001_A0160.xml;02/01/24 18:19:59;Validazione effettuata correttamente;;A4707H7;VERO;VERO;VERO;343a62d6-9dba-41f7-9927-8ec49e453018;;;;;;;;;VERO;2,00;;;;
Fattura;FVI24-00003;TD01;02/01/2024;C00015;Microcredito di Impresa S.p.A.;FE - B2B;IT10282211001_A0159.xml;02/01/24 18:09:45;Validazione effettuata correttamente;;SUBM70N;FALSO;VERO;VERO;f32fe902-efef-460f-bdc2-424226398043;;;;;;;;;VERO;2,00;;;;
Fattura;FVI24-00002;TD01;02/01/2024;C00004;Banca di Sconto S.p.A.;FE - B2B;IT10282211001_A0158.xml;02/01/24 17:59:45;Validazione effettuata correttamente;;75HCYT1;FALSO;VERO;VERO;df51f5ec-9bef-44b7-b8b5-89d3fdcd7db9;;;;;;;;;VERO;2,00;;;;
Fattura;FVI24-00001;TD01;02/01/2024;C00001;IBL Banca S.P.A.;FE - B2B;IT10282211001_A0157.xml;02/01/24 17:48:28;Validazione effettuata correttamente;;75HCYT1;FALSO;VERO;VERO;745bc7a9-9b3d-4dab-bbe6-4a962ab0a7b6;;;;;;;;;VERO;2,00;;;;
;;;;;;;;;;;;;;;;;;;;;;;;;;;;;
Tipo di documento;Nr. documento;Nr. Fatt. Acq. Registrata;Nr. Nota Cr. Acq. Registrata;Data Ricezione Fatt.;Codice TD;Nr. cliente/fornitore;Nome fornitore;Partita IVA;Nr. Documento Fornitore;Allegato;Data Documento Fornitore;Data Primo Pagamento Prev.;Imponibile IVA;Importo IVA;Importo Totale Fornitore;Importo Totale Collegato;Data ora Invio/Ricezione;Stato;ID documento;Id SDI;Nr. Lotto Documento;Nome File Doc. Elettronico;Filtro Carichi;Cdc Codice;Cod. colleg. dimen. 2;Allegato in File XML;Note 1;Note 2;
Fattura;FAP23-00079;FAI23-00073;;30/03/2023;;F00037;Aruba S.p.A.;01573850516;23B1094681;FALSO;28/03/2023;;0,00;0,00;6,10;0,00;08/05/23 15:09:31;Doc. non Riconciliato;647bd647-4ed8-45bf-9b2f-6eff99a0878d;A4707H7;1;IT01879020517A2023_brFy2.xml;;;;FALSO;;;
